Plate Name,Well Position,Primer Name,Sequence
Oke350_1F,A01,Oke_ACOT_100_F,CGACAGGTTCAGAGTTCTACAGTCCGACGATCTCAGGGACGATAAAGGGATCATCTT
Oke350_1F,A02,Oke_AhR1_278_F,CGACAGGTTCAGAGTTCTACAGTCCGACGATCGCGGACACCCTCTCACA
Oke350_1F,A03,Oke_APOB_60_F,CGACAGGTTCAGAGTTCTACAGTCCGACGATCCTGTGGATGGTATTCTGGATGCA
Oke350_1F,A04,Oke_arf_319_F,CGACAGGTTCAGAGTTCTACAGTCCGACGATCTGCAGAAACTGATCATTGGTAGTGG
Oke350_1F,A05,Oke_ATP5L_105_F,CGACAGGTTCAGAGTTCTACAGTCCGACGATCGTGCACACCAATCCATTTCTGAAT
Oke350_1F,A06,Oke_brd2_118_F,CGACAGGTTCAGAGTTCTACAGTCCGACGATCCTCAAGCCCTCCACACTCA
Oke350_1F,A07,Oke_brp16_65_F,CGACAGGTTCAGAGTTCTACAGTCCGACGATCTCCACGTCACTCAGCATGATG
Oke350_1F,A08,Oke_CATB_60_F,CGACAGGTTCAGAGTTCTACAGTCCGACGATCGCTTCTATGGGTCCTACTACCGTAT
Oke350_1F,A09,Oke_ccd16_77_F,CGACAGGTTCAGAGTTCTACAGTCCGACGATCTGTCTTCAGAATCCAATGCTTTCCT
Oke350_1F,A10,Oke_CD123_62_F,CGACAGGTTCAGAGTTCTACAGTCCGACGATCGAACAGCAGTGAATCGGTTACCT
Oke350_1F,A11,Oke_cjo57_86_F,CGACAGGTTCAGAGTTCTACAGTCCGACGATCCAGAAGGTCTAAAGGTCCTTAACAATCA
Oke350_1F,A12,Oke_CKS_389_F,CGACAGGTTCAGAGTTCTACAGTCCGACGATCGGGCCATTCTCTGAGTTCAGT
Oke350_1F,B01,Oke_CKS1_70_F,CGACAGGTTCAGAGTTCTACAGTCCGACGATCGCTACCTCTATCATACCGCCAATATT
Oke350_1F,B02,Oke_ctgf_105_F,CGACAGGTTCAGAGTTCTACAGTCCGACGATCTGAGTCCATGTACTACAAGAAGATGCT
Oke350_1F,B03,Oke_CTR2_82_F,CGACAGGTTCAGAGTTCTACAGTCCGACGATCGCAGCAGACACACCGAAGTA
Oke350_1F,B04,Oke_DBLOH_79_F,CGACAGGTTCAGAGTTCTACAGTCCGACGATCGCAGATATGCCTCAGGGATGT
Oke350_1F,B05,Oke_DCXR_87_F,CGACAGGTTCAGAGTTCTACAGTCCGACGATCGTCACCCAGAACAATAGAATGAGTCT
Oke350_1F,B06,Oke_DM20_548_F,CGACAGGTTCAGAGTTCTACAGTCCGACGATCCACTCCCCTCGCTTACTGATATCTA
Oke350_1F,B07,Oke_e2ig5_50_F,CGACAGGTTCAGAGTTCTACAGTCCGACGATCGCACTGCTCATTCTGTCACATG
Oke350_1F,B08,Oke_EF2_394_F,CGACAGGTTCAGAGTTCTACAGTCCGACGATCGCTTAACTGCTGTTTCTGCTATAGG
Oke350_1F,B09,Oke_eif4ebp2_64_F,CGACAGGTTCAGAGTTCTACAGTCCGACGATCCGAAAGAAGATGGCTGCTGTGA
Oke350_1F,B10,Oke_eif4g1_43_F,CGACAGGTTCAGAGTTCTACAGTCCGACGATCGCACCCAACAGTTCATCATGTAAGT
Oke350_1F,B11,Oke_f5_71_F,CGACAGGTTCAGAGTTCTACAGTCCGACGATCCTCAAATTTCCCTTTGACATCAATTCATCA
Oke350_1F,B12,Oke_glrx1_78_F,CGACAGGTTCAGAGTTCTACAGTCCGACGATCCGCTCCGTCCAGTGATGTC
Oke350_1F,C01,Oke_GNMT_100_F,CGACAGGTTCAGAGTTCTACAGTCCGACGATCGCGTCCACGCTCGTCAT
Oke350_1F,C02,Oke_GPDH_191_F,CGACAGGTTCAGAGTTCTACAGTCCGACGATCCCTGTACCTATAGGGCAACTTCAC
Oke350_1F,C03,Oke_H2AX_72_F,CGACAGGTTCAGAGTTCTACAGTCCGACGATCAGGGCAACTACGCTCATAGAGTA
Oke350_1F,C04,Oke_HP_182_F,CGACAGGTTCAGAGTTCTACAGTCCGACGATCCCGATGACTCCAAAGAAGTTGCT
Oke350_1F,C05,Oke_hsc71_199_F,CGACAGGTTCAGAGTTCTACAGTCCGACGATCCTGAAACTACCTCCCCCTAACAAG
Oke350_1F,C06,Oke_il_1racp_67_F,CGACAGGTTCAGAGTTCTACAGTCCGACGATCAATTGCTCCTCCTCGCTATTTCTC
Oke350_1F,C07,Oke_IL8r_272_F,CGACAGGTTCAGAGTTCTACAGTCCGACGATCAGGCTGAGGCAGTGACATG
Oke350_1F,C08,Oke_IL8r2_406_F,CGACAGGTTCAGAGTTCTACAGTCCGACGATCGGATGGACATTCACAGTCTGGTT
Oke350_1F,C09,Oke_KPNA2_87_F,CGACAGGTTCAGAGTTCTACAGTCCGACGATCTTCATTGGAAACTGGTTTTGAG
Oke350_1F,C10,Oke_lactb2_71_F,CGACAGGTTCAGAGTTCTACAGTCCGACGATCCGTCGTGAACCATGAGTGCAATA
Oke350_1F,C11,Oke_LAMP2_186_F,CGACAGGTTCAGAGTTCTACAGTCCGACGATCTTCTAGCCATGACCCAATGAAAGG
Oke350_1F,C12,Oke_mcfd2_86_F,CGACAGGTTCAGAGTTCTACAGTCCGACGATCGGCTTGAGGGCCACATTG
Oke350_1F,D01,Oke_METK2_97_F,CGACAGGTTCAGAGTTCTACAGTCCGACGATCCCAGGACGAAGGTCAAAGTTCTT
Oke350_1F,D02,Oke_mgll_49_F,CGACAGGTTCAGAGTTCTACAGTCCGACGATCACATTGTAATCTGTATTAGTCCAATGCAGAC
Oke350_1F,D03,Oke_MLRN_63_F,CGACAGGTTCAGAGTTCTACAGTCCGACGATCCCATTTCAGCATTGCCAGATTTGAAA
Oke350_1F,D04,Oke_nc2b_148_F,CGACAGGTTCAGAGTTCTACAGTCCGACGATCCCAGCCTATTTCCTTTAGTGCATATGA
Oke350_1F,D05,Oke_ndub3_58_F,CGACAGGTTCAGAGTTCTACAGTCCGACGATCGAGGCTTCAGTCGTCCTGTATC
Oke350_1F,D06,Oke_PDIA3_475_F,CGACAGGTTCAGAGTTCTACAGTCCGACGATCCCCGGTTCCTCCAGTAGTTG
Oke350_1F,D07,Oke_pnrc2_78_F,CGACAGGTTCAGAGTTCTACAGTCCGACGATCCGTGACAGCAGGGAGATGA
Oke350_1F,D08,Oke_PPA2_635_F,CGACAGGTTCAGAGTTCTACAGTCCGACGATCACACAACTGACCATATTGACTTTCGA
Oke350_1F,D09,Oke_psmd9_188_F,CGACAGGTTCAGAGTTCTACAGTCCGACGATCACTGAGGCAATATTCTGCAGGTT
Oke350_1F,D10,Oke_rab5a_117_F,CGACAGGTTCAGAGTTCTACAGTCCGACGATCGGGAATAACAGTCATTGCAGCATTT
Oke350_1F,D11,Oke_ras1_249_F,CGACAGGTTCAGAGTTCTACAGTCCGACGATCGGATGACTAAGAGCGACTGTATGTG
Oke350_1F,D12,Oke_RFC2_618_F,CGACAGGTTCAGAGTTCTACAGTCCGACGATCTTTTAACTCAAAATGCAGCTCC
Oke350_1F,E01,Oke_RH1op_245_F,CGACAGGTTCAGAGTTCTACAGTCCGACGATCTGGCCGATCTCTTCATGGTAATC
Oke350_1F,E02,Oke_RS9_379_F,CGACAGGTTCAGAGTTCTACAGTCCGACGATCGCAATCCTCCATACATTACCTGTCA
Oke350_1F,E03,Oke_RSPRY1_106_F,CGACAGGTTCAGAGTTCTACAGTCCGACGATCGTCCTCCCTATTCTTCCACTTACCT
Oke350_1F,E04,Oke_serpin_140_F,CGACAGGTTCAGAGTTCTACAGTCCGACGATCTTTGGCCTGTTAATCCAAGAA
Oke350_1F,E05,Oke_slc1a3a_86_F,CGACAGGTTCAGAGTTCTACAGTCCGACGATCTGTCTTCATCTGTGGACTCCTACA
Oke350_1F,E06,Oke_sylc_90_F,CGACAGGTTCAGAGTTCTACAGTCCGACGATCTTGAGGAAACCACTGGTCTTACAAG
Oke350_1F,E07,Oke_TCP1_78_F,CGACAGGTTCAGAGTTCTACAGTCCGACGATCCTCCAGGGCATCAGCAAATG
Oke350_1F,E08,Oke_TCTA_99_F,CGACAGGTTCAGAGTTCTACAGTCCGACGATCGCTAGCACTTCATGGCAGCAT
Oke350_1F,E09,Oke_thic_84_F,CGACAGGTTCAGAGTTCTACAGTCCGACGATCGCTGCTGTCTTAAACCACATTCTACA
Oke350_1F,E10,Oke_txnrd1_74_F,CGACAGGTTCAGAGTTCTACAGTCCGACGATCCACCCCATGTGCCTTTGGA
Oke350_1F,E11,Oke_u1_519_F,CGACAGGTTCAGAGTTCTACAGTCCGACGATCAGGTTTGTATGCGGCTGCTT
Oke350_1F,E12,Oke_U1002_165_F,CGACAGGTTCAGAGTTCTACAGTCCGACGATCGATTATTGGATCGAGAGAGTTAGAAGAGAGA
Oke350_1F,F01,Oke_U1002_262_F,CGACAGGTTCAGAGTTCTACAGTCCGACGATCCCTAGACCACTCCAGACTGTTG
Oke350_1F,F02,Oke_U1008_83_F,CGACAGGTTCAGAGTTCTACAGTCCGACGATCGTCACCAAACATCCTGCGAATG
Oke350_1F,F03,Oke_U1015_255_F,CGACAGGTTCAGAGTTCTACAGTCCGACGATCCAGAGTGCAGAGTAATACGCATACA
Oke350_1F,F04,Oke_U1017_52_F,CGACAGGTTCAGAGTTCTACAGTCCGACGATCTGGCAATGGGATGTCAAGTTATGA
Oke350_1F,F05,Oke_U1019_218_F,CGACAGGTTCAGAGTTCTACAGTCCGACGATCGCAGTCACACATTTTCTTCATCACA
Oke350_1F,F06,Oke_U1020_75_F,CGACAGGTTCAGAGTTCTACAGTCCGACGATCGCCAATCGCGGAAGTCTCA
Oke350_1F,F07,Oke_U1021_102_F,CGACAGGTTCAGAGTTCTACAGTCCGACGATCTCGAGGATTTGAGGATTAGGCTACT
Oke350_1F,F08,Oke_U1023_147_F,CGACAGGTTCAGAGTTCTACAGTCCGACGATCTCTTAAAATGGAGAGAGCGATTAATGAAGG
Oke350_1F,F09,Oke_U1024_113_F,CGACAGGTTCAGAGTTCTACAGTCCGACGATCCATGCTGGTGAATTATTGGACAATGT
Oke350_1F,F10,Oke_U1028_100_F,CGACAGGTTCAGAGTTCTACAGTCCGACGATCCCTACTATTTCAGAGGCTTGACACA
Oke350_1F,F11,Oke_u200_385_F,CGACAGGTTCAGAGTTCTACAGTCCGACGATCCCCATAATTTTGCAACCCTAGTCACA
Oke350_1F,F12,Oke_U2001_629_F,CGACAGGTTCAGAGTTCTACAGTCCGACGATCCCCCACTCCTTCTACTCATCCAT
Oke350_1F,G01,Oke_U2003_142_F,CGACAGGTTCAGAGTTCTACAGTCCGACGATCCTCCTCACTAACAGTAGCTGCAATT
Oke350_1F,G02,Oke_U2005_62_F,CGACAGGTTCAGAGTTCTACAGTCCGACGATCGTACAGCAGAGACTAAAGCTATACAACA
Oke350_1F,G03,Oke_U2006_109_F,CGACAGGTTCAGAGTTCTACAGTCCGACGATCCCAACACCACTTTCCATTAATAAGCA
Oke350_1F,G04,Oke_U2010_94_F,CGACAGGTTCAGAGTTCTACAGTCCGACGATCCCGCAGACAGTGGTCAATACT
Oke350_1F,G05,Oke_U2011_107_F,CGACAGGTTCAGAGTTCTACAGTCCGACGATCCCGTTTCTGTCAGACTCTGGTAAA
Oke350_1F,G06,Oke_U2016_118_F,CGACAGGTTCAGAGTTCTACAGTCCGACGATCACGTGTCCTGTTCAAATTAGCAGTA
Oke350_1F,G07,Oke_U2017_87_F,CGACAGGTTCAGAGTTCTACAGTCCGACGATCCAGGAGCCATTGGAAGAGTAGAG
Oke350_1F,G08,Oke_U2019_112_F,CGACAGGTTCAGAGTTCTACAGTCCGACGATCGAATTTGACTGCCTGGCGAAAG
Oke350_1F,G09,Oke_U2020_51_F,CGACAGGTTCAGAGTTCTACAGTCCGACGATCGCTCTGGTCCAGGTCGTT
Oke350_1F,G10,Oke_U2022_101_F,CGACAGGTTCAGAGTTCTACAGTCCGACGATCTGTCCTAATGACAGGCCTTGC
Oke350_1F,G11,Oke_U2024_93_F,CGACAGGTTCAGAGTTCTACAGTCCGACGATCCGTCTTTCCAATACCACAGAGATACA
Oke350_1F,G12,Oke_U2025_86_F,CGACAGGTTCAGAGTTCTACAGTCCGACGATCAAATCCCCATGGAGAAACACAATGA
Oke350_1F,H01,Oke_U2026_64_F,CGACAGGTTCAGAGTTCTACAGTCCGACGATCCTTCCCACGTCTTTTCTGTCTCA
Oke350_1F,H02,Oke_U2029_79_F,CGACAGGTTCAGAGTTCTACAGTCCGACGATCGGTTTGATTTCGTCGCGATTTGA
Oke350_1F,H03,Oke_U2031_37_F,CGACAGGTTCAGAGTTCTACAGTCCGACGATCCACACTTTCAATCAAATGTTGTGCAG
Oke350_1F,H04,Oke_U2032_74_F,CGACAGGTTCAGAGTTCTACAGTCCGACGATCGCTATTCCAATGTAAATCCTGTACTGTGT
Oke350_1F,H05,Oke_U2033_122_F,CGACAGGTTCAGAGTTCTACAGTCCGACGATCACGCCCTTCCCCGATTC
Oke350_1F,H06,Oke_U2034_55_F,CGACAGGTTCAGAGTTCTACAGTCCGACGATCGGGAAGAAAAGCCTACCATAAACAG
Oke350_1F,H07,Oke_U2035_54_F,CGACAGGTTCAGAGTTCTACAGTCCGACGATCCGCCAATAACGCTCCAACAAC
Oke350_1F,H08,Oke_U2037_76_F,CGACAGGTTCAGAGTTCTACAGTCCGACGATCCATATCAGGTGTGTCTCAACAGTCT
Oke350_1F,H09,Oke_U2041_84_F,CGACAGGTTCAGAGTTCTACAGTCCGACGATCCCAGACCATGTGCTTGTTTGTCATA
Oke350_1F,H10,Oke_U2043_51_F,CGACAGGTTCAGAGTTCTACAGTCCGACGATCCACAAACCTACTACAGACAGCAGTT
Oke350_1F,H11,Oke_U2045_43_F,CGACAGGTTCAGAGTTCTACAGTCCGACGATCGACCCCGGGTCACCAC
Oke350_1F,H12,Oke_U2048_91_F,CGACAGGTTCAGAGTTCTACAGTCCGACGATCAGTTGGGTCTTAAAGATGATCATTTGCT
OKe350_2F,A01,Oke_U2049_99_F,CGACAGGTTCAGAGTTCTACAGTCCGACGATCCATTGTAGCAGAGGGTCAACGATAT
OKe350_2F,A02,Oke_U2053_60_F,CGACAGGTTCAGAGTTCTACAGTCCGACGATCTCTGCTTTTGTCGTCTCACCAA
OKe350_2F,A03,Oke_U2054_58_F,CGACAGGTTCAGAGTTCTACAGTCCGACGATCCGTCTCATTCAGCTCTTTGATGTC
OKe350_2F,A04,Oke_U2056_90_F,CGACAGGTTCAGAGTTCTACAGTCCGACGATCCCATCACGTCACCATTACACTGT
OKe350_2F,A05,Oke_U2057_80_F,CGACAGGTTCAGAGTTCTACAGTCCGACGATCGCAGTTGTCATGGCAGTAAGG
OKe350_2F,A06,Oke_u216_222_F,CGACAGGTTCAGAGTTCTACAGTCCGACGATCCGCAATATTAAGTGCGTCATACTTGT
OKe350_2F,A07,Oke_U305_307_F,CGACAGGTTCAGAGTTCTACAGTCCGACGATCTTTGGAAACGTGTGGGATTAATTTTGT
OKe350_2F,A08,Oke_U504_228_F,CGACAGGTTCAGAGTTCTACAGTCCGACGATCCTTAACTCAGTCACACCAACTCACT
OKe350_2F,A09,Oke_U506_110_F,CGACAGGTTCAGAGTTCTACAGTCCGACGATCCGTGGTTGGTTTCATTGACTCTCA
OKe350_2F,A10,Oke_U507_286_F,CGACAGGTTCAGAGTTCTACAGTCCGACGATCTGGTCATAGCTTGCACTGTACAAA
OKe350_2F,A11,Oke_U509_219_F,CGACAGGTTCAGAGTTCTACAGTCCGACGATCGCACCCCACCTGGCTT
OKe350_2F,A12,Oke_U511_271_F,CGACAGGTTCAGAGTTCTACAGTCCGACGATCGACACAACGTTTTGGGACATTCAG
OKe350_2F,B01,Oke_U514_150_F,CGACAGGTTCAGAGTTCTACAGTCCGACGATCGCATCATTAGTAAGGCGTCATTGG
OKe350_2F,B02,Oke_CO1A1_72_F,CGACAGGTTCAGAGTTCTACAGTCCGACGATCCTGTCAATGGAGGGTGATCGAAAT
OKe350_2F,B03,Oke_PDIA3_082_F,CGACAGGTTCAGAGTTCTACAGTCCGACGATCTGCCTACGATGGACCCAGAA
OKe350_2F,B04,Oke_pgap_92_F,CGACAGGTTCAGAGTTCTACAGTCCGACGATCTGCAGATCTCAATTTGAACGACCTAT
OKe350_2F,B05,Oke_psmd9_057_F,CGACAGGTTCAGAGTTCTACAGTCCGACGATCACTGTAGTGACTGCATTTCATATTGCT
OKe350_2F,B06,Oke_U507_087_F,CGACAGGTTCAGAGTTCTACAGTCCGACGATCGAAGACTGGACACACACGATATGT
OKe350_2F,B07,Oke_RAD10028_44_F,CGACAGGTTCAGAGTTCTACAGTCCGACGATCGGCAGGATAAGCAATGGAATGC
OKe350_2F,B08,Oke_RAD10173_41_F,CGACAGGTTCAGAGTTCTACAGTCCGACGATCCAGGCTCTTCCTACTGAGTGAATG
OKe350_2F,B09,Oke_RAD10459_85_F,CGACAGGTTCAGAGTTCTACAGTCCGACGATCCCCCTGGGAACAAATGAAACAGAAT
OKe350_2F,B10,Oke_RAD10591_67_F,CGACAGGTTCAGAGTTCTACAGTCCGACGATCAACCACAAGGAGAGAGGAGAGT
OKe350_2F,B11,Oke_RAD10676_50_F,CGACAGGTTCAGAGTTCTACAGTCCGACGATCCAGGAAAATTCACAATTACAATAGAGCTTGT
OKe350_2F,B12,Oke_RAD10719_31_F,CGACAGGTTCAGAGTTCTACAGTCCGACGATCATGCAGGTCAACTGAGGTAAA
OKe350_2F,C01,Oke_RAD11183_63_F,CGACAGGTTCAGAGTTCTACAGTCCGACGATCTCTGTCAACAACCACCAGAATAGTG
OKe350_2F,C02,Oke_RAD11379_85_F,CGACAGGTTCAGAGTTCTACAGTCCGACGATCCTCATTGGATATCTCATTGGCAGACA
OKe350_2F,C03,Oke_RAD11444_75_F,CGACAGGTTCAGAGTTCTACAGTCCGACGATCGTCTGTATACCAAATAGTGATGAGTGCAT
OKe350_2F,C04,Oke_RAD11500_80_F,CGACAGGTTCAGAGTTCTACAGTCCGACGATCTTGTCCAACAGGGCTTGTCT
OKe350_2F,C05,Oke_RAD11690_33_F,CGACAGGTTCAGAGTTCTACAGTCCGACGATCGGCCCCCAACCATCCT
OKe350_2F,C06,Oke_RAD11918_57_F,CGACAGGTTCAGAGTTCTACAGTCCGACGATCACTTCTGGAGTGTGGCATCAAAA
OKe350_2F,C07,Oke_RAD11928_30_F,CGACAGGTTCAGAGTTCTACAGTCCGACGATCGGGTGATGGTGGTGCCA
OKe350_2F,C08,Oke_RAD11999_36_F,CGACAGGTTCAGAGTTCTACAGTCCGACGATCTTCGATAAGCTAGACCTGTGGGA
OKe350_2F,C09,Oke_RAD12038_34_F,CGACAGGTTCAGAGTTCTACAGTCCGACGATCCCAGGTCTTCCGTGCTGAAT
OKe350_2F,C10,Oke_RAD12294_71_F,CGACAGGTTCAGAGTTCTACAGTCCGACGATCCTTGATTTAGCTTAATTGTCTGGTGTGC
OKe350_2F,C11,Oke_RAD12377_41_F,CGACAGGTTCAGAGTTCTACAGTCCGACGATCTGCAGGTCCTGGTATACATCTG
OKe350_2F,C12,Oke_RAD12415_71_F,CGACAGGTTCAGAGTTCTACAGTCCGACGATCCACCGCACATGGCAGAAC
OKe350_2F,D01,Oke_RAD12909_51_F,CGACAGGTTCAGAGTTCTACAGTCCGACGATCAGGAAAATAAACACACAGCACACCTA
OKe350_2F,D02,Oke_RAD13522_47_F,CGACAGGTTCAGAGTTCTACAGTCCGACGATCCTCCTCTCACGGCTCACTTTT
OKe350_2F,D03,Oke_RAD14303_73_F,CGACAGGTTCAGAGTTCTACAGTCCGACGATCCCGTGGGTTCACAGAGTACTG
OKe350_2F,D04,Oke_RAD14679_56_F,CGACAGGTTCAGAGTTCTACAGTCCGACGATCGGCCTCCACATCGACTTCTC
OKe350_2F,D05,Oke_RAD14852_56_F,CGACAGGTTCAGAGTTCTACAGTCCGACGATCCCCTGTGGGTTCATACTGTAACT
OKe350_2F,D06,Oke_RAD14962_45_F,CGACAGGTTCAGAGTTCTACAGTCCGACGATCTGCTGGATGTGCTCAGACAA
OKe350_2F,D07,Oke_RAD16205_61_F,CGACAGGTTCAGAGTTCTACAGTCCGACGATCGCACCTCCCAATGGCTTTCT
OKe350_2F,D08,Oke_RAD1635_77_F,CGACAGGTTCAGAGTTCTACAGTCCGACGATCACTGTGACTGAGTGTGCAATGTTAT
OKe350_2F,D09,Oke_RAD16763_78_F,CGACAGGTTCAGAGTTCTACAGTCCGACGATCCCACATATACCGTGCCTTCAGAAAA
OKe350_2F,D10,Oke_RAD16805_31_F,CGACAGGTTCAGAGTTCTACAGTCCGACGATCATGCAGGATATCTGCTCCGG
OKe350_2F,D11,Oke_RAD17085_70_F,CGACAGGTTCAGAGTTCTACAGTCCGACGATCCAGGAGGAAGGCATTATCGTTAGTG
OKe350_2F,D12,Oke_RAD17316_60_F,CGACAGGTTCAGAGTTCTACAGTCCGACGATCGCTGAGGGCTTCTGTTGCTAATTA
OKe350_2F,E01,Oke_RAD17332_67_F,CGACAGGTTCAGAGTTCTACAGTCCGACGATCGGAGAGGCAGACTGTAATGACA
OKe350_2F,E02,Oke_RAD19121_72_F,CGACAGGTTCAGAGTTCTACAGTCCGACGATCGCGGCTGACGATGAGGAA
OKe350_2F,E03,Oke_RAD19883_47_F,CGACAGGTTCAGAGTTCTACAGTCCGACGATCAGGCTGTGTCATCGTTGTTAGTAAT
OKe350_2F,E04,Oke_RAD21307_43_F,CGACAGGTTCAGAGTTCTACAGTCCGACGATCTGCAGGGAAGTGTGGG
OKe350_2F,E05,Oke_RAD2158_44_F,CGACAGGTTCAGAGTTCTACAGTCCGACGATCCGGTTGTCAGTTGAACAGTGTTT
OKe350_2F,E06,Oke_RAD22662_43_F,CGACAGGTTCAGAGTTCTACAGTCCGACGATCGGCTGATTTGGTAGCCCAAGAA
OKe350_2F,E07,Oke_RAD2414_54_F,CGACAGGTTCAGAGTTCTACAGTCCGACGATCCTGGCAGGGTGTTGATCCA
OKe350_2F,E08,Oke_RAD24191_34_F,CGACAGGTTCAGAGTTCTACAGTCCGACGATCGCAGGACGATGGCAGATACAG
OKe350_2F,E09,Oke_RAD2522_75_F,CGACAGGTTCAGAGTTCTACAGTCCGACGATCATGAGACTATAAATCACATTGGCGACAT
OKe350_2F,E10,Oke_RAD27585_82_F,CGACAGGTTCAGAGTTCTACAGTCCGACGATCTGGTCCTACAGACACAAAGAAACAA
OKe350_2F,E11,Oke_RAD27616_72_F,CGACAGGTTCAGAGTTCTACAGTCCGACGATCCCCCAGCAAATGACTTTAGGTGTAT
OKe350_2F,E12,Oke_RAD2772_76_F,CGACAGGTTCAGAGTTCTACAGTCCGACGATCAGAATGACTATCAACAGCCCTAGGT
OKe350_2F,F01,Oke_RAD2812_43_F,CGACAGGTTCAGAGTTCTACAGTCCGACGATCCCCACCCTGGACAGAGATAAAG
OKe350_2F,F02,Oke_RAD2827_56_F,CGACAGGTTCAGAGTTCTACAGTCCGACGATCGCCGCACCTCACACTAGT
OKe350_2F,F03,Oke_RAD3131_64_F,CGACAGGTTCAGAGTTCTACAGTCCGACGATCGCACCATACAGCTCCACACAA
OKe350_2F,F04,Oke_RAD3143_30_F,CGACAGGTTCAGAGTTCTACAGTCCGACGATCGCAGGCTGTCTCGTCATTGTT
OKe350_2F,F05,Oke_RAD3223_33_F,CGACAGGTTCAGAGTTCTACAGTCCGACGATCTGCAGGTTCAACAGGG
OKe350_2F,F06,Oke_RAD3480_76_F,CGACAGGTTCAGAGTTCTACAGTCCGACGATCCGTCATCAGATTTGAAAAGGCTTTGC
OKe350_2F,F07,Oke_RAD3664_73_F,CGACAGGTTCAGAGTTCTACAGTCCGACGATCTGGTGTTCTCTATTGGCATGTGTT
OKe350_2F,F08,Oke_RAD369_38_F,CGACAGGTTCAGAGTTCTACAGTCCGACGATCGGGCAGTGTCCTACAAG
OKe350_2F,F09,Oke_RAD3693_30_F,CGACAGGTTCAGAGTTCTACAGTCCGACGATCTGCAGGTAACATCAGAGCACAAA
OKe350_2F,F10,Oke_RAD3715_76_F,CGACAGGTTCAGAGTTCTACAGTCCGACGATCGGCCCGGCCTTGCT
OKe350_2F,F11,Oke_RAD3762_78_F,CGACAGGTTCAGAGTTCTACAGTCCGACGATCCGTGACCTGTTACTCTGCTATCTTT
OKe350_2F,F12,Oke_RAD3861_38_F,CGACAGGTTCAGAGTTCTACAGTCCGACGATCGGCATGCGAATGTTAACCTGTTTA
OKe350_2F,G01,Oke_RAD3907_37_F,CGACAGGTTCAGAGTTCTACAGTCCGACGATCAATGCCGCCTCCACACA
OKe350_2F,G02,Oke_RAD3938_71_F,CGACAGGTTCAGAGTTCTACAGTCCGACGATCGCTCCTCTCTGCCTGGTT
OKe350_2F,G03,Oke_RAD3995_44_F,CGACAGGTTCAGAGTTCTACAGTCCGACGATCGGGCATTTCATTTAAACCCAAACC
OKe350_2F,G04,Oke_RAD4286_77_F,CGACAGGTTCAGAGTTCTACAGTCCGACGATCCAGTTGTAACTAACCTGGCTCTGAT
OKe350_2F,G05,Oke_RAD4538_78_F,CGACAGGTTCAGAGTTCTACAGTCCGACGATCTTGGTTATTTGCGGGATTGTCATTG
OKe350_2F,G06,Oke_RAD4787_63_F,CGACAGGTTCAGAGTTCTACAGTCCGACGATCGCTATCAACGCACAACGTGTT
OKe350_2F,G07,Oke_RAD4875_62_F,CGACAGGTTCAGAGTTCTACAGTCCGACGATCGTTCGTTGCAATCGAGTCAATAGTG
OKe350_2F,G08,Oke_RAD5156_68_F,CGACAGGTTCAGAGTTCTACAGTCCGACGATCCAGAGATGCGTCCGTGGT
OKe350_2F,G09,Oke_RAD5276_66_F,CGACAGGTTCAGAGTTCTACAGTCCGACGATCCAATCTGACCTAGTCTTCCAAGCC
OKe350_2F,G10,Oke_RAD5434_50_F,CGACAGGTTCAGAGTTCTACAGTCCGACGATCGCAGTTCAGTTCAGTGATTGCCTAA
OKe350_2F,G11,Oke_RAD5457_49_F,CGACAGGTTCAGAGTTCTACAGTCCGACGATCCAGTCCGCCACAATGAGTTG
OKe350_2F,G12,Oke_RAD5615_34_F,CGACAGGTTCAGAGTTCTACAGTCCGACGATCTGCAGGTTAAAATGGCGAATGTG
OKe350_2F,H01,Oke_RAD5734_46_F,CGACAGGTTCAGAGTTCTACAGTCCGACGATCGGTGGACTTTGGCAAACTGTTT
OKe350_2F,H02,Oke_RAD5951_44_F,CGACAGGTTCAGAGTTCTACAGTCCGACGATCTGCAGGCAGACTATAATGTCATCAA
OKe350_2F,H03,Oke_RAD7067_53_F,CGACAGGTTCAGAGTTCTACAGTCCGACGATCGAGTTGAATGCAGGGAGAATAGGT
OKe350_2F,H04,Oke_RAD715_49_F,CGACAGGTTCAGAGTTCTACAGTCCGACGATCACACAGTGAACAATGAGGACTACAC
OKe350_2F,H05,Oke_RAD7431_40_F,CGACAGGTTCAGAGTTCTACAGTCCGACGATCGTGCTCTATTTCTGAGTTGGTGTGA
OKe350_2F,H06,Oke_RAD7512_33_F,CGACAGGTTCAGAGTTCTACAGTCCGACGATCGCAGGCAAATATTACCCCAATCCTT
OKe350_2F,H07,Oke_RAD7883_49_F,CGACAGGTTCAGAGTTCTACAGTCCGACGATCGCAGAGAAGCAAAATGGGTAGTTG
OKe350_2F,H08,Oke_RAD7936_41_F,CGACAGGTTCAGAGTTCTACAGTCCGACGATCGCAGGAATAGAATTTACCCCACCTC
OKe350_2F,H09,Oke_RAD8018_38_F,CGACAGGTTCAGAGTTCTACAGTCCGACGATCACTGTAGGTCCCCGAGAGAAG
OKe350_2F,H10,Oke_RAD8326_32_F,CGACAGGTTCAGAGTTCTACAGTCCGACGATCTGCAGGTTAGCTTGGTTGGTTAA
OKe350_2F,H11,Oke_RAD8335_79_F,CGACAGGTTCAGAGTTCTACAGTCCGACGATCTGCTCGGGCTCCAAATGAC
OKe350_2F,H12,Oke_RAD8372_31_F,CGACAGGTTCAGAGTTCTACAGTCCGACGATCTGCAGGAGGAACCGCC
OKe350_3F,A01,Oke_RAD8698_82_F,CGACAGGTTCAGAGTTCTACAGTCCGACGATCGAAGGCTCTCCCCCTTTCTG
OKe350_3F,A02,Oke_RAD8799_30_F,CGACAGGTTCAGAGTTCTACAGTCCGACGATCGCAGGAGTGAGTCACTGCTTTA
OKe350_3F,A03,Oke_RAD8814_56_F,CGACAGGTTCAGAGTTCTACAGTCCGACGATCGACCAAATCCTTCACGTCACTGA
OKe350_3F,A04,Oke_RAD8930_48_F,CGACAGGTTCAGAGTTCTACAGTCCGACGATCGCTCGACCTTATTCATGGTTTCCT
OKe350_3F,A05,Oke_RAD905_85_F,CGACAGGTTCAGAGTTCTACAGTCCGACGATCTCTCACAACAAAAACTGGCAAATCTG
OKe350_3F,A06,Oke_RAD9273_49_F,CGACAGGTTCAGAGTTCTACAGTCCGACGATCCGGAACCGATCTGAGTCTGTTG
OKe350_3F,A07,Oke_RAD9447_73_F,CGACAGGTTCAGAGTTCTACAGTCCGACGATCTGATGAAACTGTGGCCTTGCA
OKe350_3F,A08,Oke_RDDFW93316_60_F,CGACAGGTTCAGAGTTCTACAGTCCGACGATCACCTGCTCAGCTCTGCTCTG
OKe350_3F,A09,Oke_RDDFW92833_41_F,CGACAGGTTCAGAGTTCTACAGTCCGACGATCACGGACGTCTTAGCGCATAC
OKe350_3F,A10,Oke_RDDFW92495_48_F,CGACAGGTTCAGAGTTCTACAGTCCGACGATCATGGAGAGTGGGTGCAGAAA
OKe350_3F,A11,Oke_RDDFW97046_68_F,CGACAGGTTCAGAGTTCTACAGTCCGACGATCCCACAACAACATCTCCCAAA
OKe350_3F,A12,Oke_RDDFW95768_60_F,CGACAGGTTCAGAGTTCTACAGTCCGACGATCCCCACACAGACTGAACACCA
OKe350_3F,B01,Oke_RDDFW91108_63_F,CGACAGGTTCAGAGTTCTACAGTCCGACGATCCCCAGAGGCCTCGATTATCT
OKe350_3F,B02,Oke_RDDFW97566_28_F,CGACAGGTTCAGAGTTCTACAGTCCGACGATCGCAGGTGTGATCTTTGGATG
OKe350_3F,B03,Oke_RDDFW96549_63_F,CGACAGGTTCAGAGTTCTACAGTCCGACGATCGCCTGCAAGCAGTAAACACA
OKe350_3F,B04,Oke_RDDFW93115_22_F,CGACAGGTTCAGAGTTCTACAGTCCGACGATCGGACGGCTTTGTTGACCA
OKe350_3F,B05,Oke_RDDFW92671_68_F,CGACAGGTTCAGAGTTCTACAGTCCGACGATCTCAGGAGAGTCATGGGTGGT
OKe350_3F,B06,Oke_RDDFW98640_53_F,CGACAGGTTCAGAGTTCTACAGTCCGACGATCTCTGGGCCGATTAATCATTG
OKe350_3F,B07,Oke_RDDFW97971_30_F,CGACAGGTTCAGAGTTCTACAGTCCGACGATCTGCAGGTTTTGTCAGTGGC
OKe350_3F,B08,Oke_RDDFW91049_44_F,CGACAGGTTCAGAGTTCTACAGTCCGACGATCTGGGAGAAGACACAACCACA
OKe350_3F,B09,Oke_RDDFW94768_76_F,CGACAGGTTCAGAGTTCTACAGTCCGACGATCTGGTTACCCACTGAGCTGTTC
OKe350_3F,B10,Oke_RDDFW10186_42_F,CGACAGGTTCAGAGTTCTACAGTCCGACGATCTGCAGGGTTAACATCCTGTACT
OKe350_3F,B11,Oke_RDDFW112_17_F,CGACAGGTTCAGAGTTCTACAGTCCGACGATCTGCAGGAATGTGCCGGG
OKe350_3F,B12,Oke_RDDFW13161_74_F,CGACAGGTTCAGAGTTCTACAGTCCGACGATCCACAATGCACTTTAGGCTTGA
OKe350_3F,C01,Oke_RDDFW13803_76_F,CGACAGGTTCAGAGTTCTACAGTCCGACGATCTTCCTTGCTGTCATCTCTGC
OKe350_3F,C02,Oke_RDDFW14498_66_F,CGACAGGTTCAGAGTTCTACAGTCCGACGATCTGACTCGTGTTCAGGAGAGG
OKe350_3F,C03,Oke_RDDFW14591_59_F,CGACAGGTTCAGAGTTCTACAGTCCGACGATCCCTTAAAGTTGACCCCCAAA
OKe350_3F,C04,Oke_RDDFW14903_53_F,CGACAGGTTCAGAGTTCTACAGTCCGACGATCCAGGTAACTGTGCATCACTGC
OKe350_3F,C05,Oke_RDDFW15717_46_F,CGACAGGTTCAGAGTTCTACAGTCCGACGATCTAGGGTGTCGATACGGGTGT
OKe350_3F,C06,Oke_RDDFW16518_29_F,CGACAGGTTCAGAGTTCTACAGTCCGACGATCCCCTTACCACCGCTAACAAC
OKe350_3F,C07,Oke_RDDFW16781_68_F,CGACAGGTTCAGAGTTCTACAGTCCGACGATCTTCCAGTCCTGGTGTGGTCT
OKe350_3F,C08,Oke_RDDFW16886_37_F,CGACAGGTTCAGAGTTCTACAGTCCGACGATCTCCCCATCCGTCTCTATCAC
OKe350_3F,C09,Oke_RDDFW17423_60_F,CGACAGGTTCAGAGTTCTACAGTCCGACGATCAACCGCATGCTTACTTCACC
OKe350_3F,C10,Oke_RDDFW17478_56_F,CGACAGGTTCAGAGTTCTACAGTCCGACGATCAACACCTCCTCCCAGAAAGG
OKe350_3F,C11,Oke_RDDFW18411_78_F,CGACAGGTTCAGAGTTCTACAGTCCGACGATCTGCCTGCTTTTCCACACATA
OKe350_3F,C12,Oke_RDDFW19534_51_F,CGACAGGTTCAGAGTTCTACAGTCCGACGATCTGAGCAGCCAAGCAGTTAAA
OKe350_3F,D01,Oke_RDDFW19665_62_F,CGACAGGTTCAGAGTTCTACAGTCCGACGATCCCCAGAGCAGACTGGGTCTC
OKe350_3F,D02,Oke_RDDFW19805_61_F,CGACAGGTTCAGAGTTCTACAGTCCGACGATCAGAGGGATTGAGTGCTGCAT
OKe350_3F,D03,Oke_RDDFW19807_50_F,CGACAGGTTCAGAGTTCTACAGTCCGACGATCAGGCATCCAAACATGAGAGG
OKe350_3F,D04,Oke_RDDFW19817_73_F,CGACAGGTTCAGAGTTCTACAGTCCGACGATCGCCACAGCACAGACAAACAA
OKe350_3F,D05,Oke_RDDFW19905_31_F,CGACAGGTTCAGAGTTCTACAGTCCGACGATCAGGAGTCCAAAGCCCACAG
OKe350_3F,D06,Oke_RDDFW20179_61_F,CGACAGGTTCAGAGTTCTACAGTCCGACGATCCGACGTGCAGATGTTTCATT
OKe350_3F,D07,Oke_RDDFW20811_77_F,CGACAGGTTCAGAGTTCTACAGTCCGACGATCCACTCACTAGTGCTCCCAGAG
OKe350_3F,D08,Oke_RDDFW20999_31_F,CGACAGGTTCAGAGTTCTACAGTCCGACGATCAGTTTTGTTGCACCTGGACA
OKe350_3F,D09,Oke_RDDFW21285_59_F,CGACAGGTTCAGAGTTCTACAGTCCGACGATCAGAGGCACACCCAAGGAGT
OKe350_3F,D10,Oke_RDDFW21890_73_F,CGACAGGTTCAGAGTTCTACAGTCCGACGATCGCCGAAAAGATTTGGCACT
OKe350_3F,D11,Oke_RDDFW23444_56_F,CGACAGGTTCAGAGTTCTACAGTCCGACGATCTGCAGGAGGTGAAGCCTCT
OKe350_3F,D12,Oke_RDDFW24615_60_F,CGACAGGTTCAGAGTTCTACAGTCCGACGATCCTGGGAATCGACACAAATGA
OKe350_3F,E01,Oke_RDDFW24690_58_F,CGACAGGTTCAGAGTTCTACAGTCCGACGATCATCGCCATCACGTCTCTCTC
OKe350_3F,E02,Oke_RDDFW25476_76_F,CGACAGGTTCAGAGTTCTACAGTCCGACGATCCCACAGAAGCCTACGTACCTG
OKe350_3F,E03,Oke_RDDFW25539_63_F,CGACAGGTTCAGAGTTCTACAGTCCGACGATCACATGTTGCTCTTGGCTCCT
OKe350_3F,E04,Oke_RDDFW27843_66_F,CGACAGGTTCAGAGTTCTACAGTCCGACGATCGGTGAAGGCACATAAGGTGTG
OKe350_3F,E05,Oke_RDDFW28182_57_F,CGACAGGTTCAGAGTTCTACAGTCCGACGATCGGGTGGAGTATGCCCAGAAT
OKe350_3F,E06,Oke_RDDFW28560_20_F,CGACAGGTTCAGAGTTCTACAGTCCGACGATCGCAGGTCCAGAACGTCCA
OKe350_3F,E07,Oke_RDDFW29139_38_F,CGACAGGTTCAGAGTTCTACAGTCCGACGATCGGTGATTGGATGGAGGCTAA
OKe350_3F,E08,Oke_RDDFW29994_56_F,CGACAGGTTCAGAGTTCTACAGTCCGACGATCCATTACCAGGGTCCATCACC
OKe350_3F,E09,Oke_RDDFW30681_49_F,CGACAGGTTCAGAGTTCTACAGTCCGACGATCCAGGGAAATGAGAAGCCTGA
OKe350_3F,E10,Oke_RDDFW32214_64_F,CGACAGGTTCAGAGTTCTACAGTCCGACGATCATGCGGGAATGAGCAGATAA
OKe350_3F,E11,Oke_RDDFW35061_72_F,CGACAGGTTCAGAGTTCTACAGTCCGACGATCCACTTAAAAGTAGCTGACTCAGGA
OKe350_3F,E12,Oke_RDDFW36545_52_F,CGACAGGTTCAGAGTTCTACAGTCCGACGATCGGAAGGGTGCTGTGGAGAGT
OKe350_3F,F01,Oke_RDDFW36920_78_F,CGACAGGTTCAGAGTTCTACAGTCCGACGATCCGCACCATTGCTAACAAAAC
OKe350_3F,F02,Oke_RDDFW37304_51_F,CGACAGGTTCAGAGTTCTACAGTCCGACGATCCCCTGCCATTTAGTACAGGTC
OKe350_3F,F03,Oke_RDDFW37547_71_F,CGACAGGTTCAGAGTTCTACAGTCCGACGATCTGGGATCTGACTGGAACCTC
OKe350_3F,F04,Oke_RDDFW37906_35_F,CGACAGGTTCAGAGTTCTACAGTCCGACGATCTGGAAACCCTGGTCTAGTGG
OKe350_3F,F05,Oke_RDDFW37977_64_F,CGACAGGTTCAGAGTTCTACAGTCCGACGATCCATCCCAGAGGAACAGAGGA
OKe350_3F,F06,Oke_RDDFW38189_70_F,CGACAGGTTCAGAGTTCTACAGTCCGACGATCCAAGCAGGCAGGATACTGGT
OKe350_3F,F07,Oke_RDDFW38998_48_F,CGACAGGTTCAGAGTTCTACAGTCCGACGATCCAAAAATCACCCAGGAATGG
OKe350_3F,F08,Oke_RDDFW39056_71_F,CGACAGGTTCAGAGTTCTACAGTCCGACGATCTTTTGGTAGGCCGTCATTGT
OKe350_3F,F09,Oke_RDDFW39550_74_F,CGACAGGTTCAGAGTTCTACAGTCCGACGATCAGCAATGGATGAGGGGCTAT
OKe350_3F,F10,Oke_RDDFW41741_28_F,CGACAGGTTCAGAGTTCTACAGTCCGACGATCGGAGTTGGCGGTCAGACA
OKe350_3F,F11,Oke_RDDFW41894_64_F,CGACAGGTTCAGAGTTCTACAGTCCGACGATCTGCAGGTGGATACCTCTGA
OKe350_3F,F12,Oke_RDDFW41968_67_F,CGACAGGTTCAGAGTTCTACAGTCCGACGATCCCCCAAATTTTCAGAGCAAA
OKe350_3F,G01,Oke_RDDFW44691_36_F,CGACAGGTTCAGAGTTCTACAGTCCGACGATCTTCACCAGAGTCCCTCCACT
OKe350_3F,G02,Oke_RDDFW45450_75_F,CGACAGGTTCAGAGTTCTACAGTCCGACGATCAAATTCCATGTGTGAGGAACA
OKe350_3F,G03,Oke_RDDFW46094_46_F,CGACAGGTTCAGAGTTCTACAGTCCGACGATCGCAGGGTAGATGCATGATGA
OKe350_3F,G04,Oke_RDDFW4669_39_F,CGACAGGTTCAGAGTTCTACAGTCCGACGATCACGGCGAGGGCAGGTATT
OKe350_3F,G05,Oke_RDDFW46886_62_F,CGACAGGTTCAGAGTTCTACAGTCCGACGATCGTCTCAGGGCCACCTTTTT
OKe350_3F,G06,Oke_RDDFW47500_38_F,CGACAGGTTCAGAGTTCTACAGTCCGACGATCGGGTGGCTACGATGTACAGA
OKe350_3F,G07,Oke_RDDFW47666_40_F,CGACAGGTTCAGAGTTCTACAGTCCGACGATCTAAGAAGCCCAAGGCAGGAG
OKe350_3F,G08,Oke_RDDFW47763_68_F,CGACAGGTTCAGAGTTCTACAGTCCGACGATCGGGTCCTGATCCAACTGTGT
OKe350_3F,G09,Oke_RDDFW47838_76_F,CGACAGGTTCAGAGTTCTACAGTCCGACGATCTCAGCAGAAGCCAAGTCAGA
OKe350_3F,G10,Oke_RDDFW48220_71_F,CGACAGGTTCAGAGTTCTACAGTCCGACGATCGGATGGTGACACACTTGCTG
OKe350_3F,G11,Oke_RDDFW48558_66_F,CGACAGGTTCAGAGTTCTACAGTCCGACGATCACGACGCCAGTAGCTACAAA
OKe350_3F,G12,Oke_RDDFW48576_24_F,CGACAGGTTCAGAGTTCTACAGTCCGACGATCCAGGAGGAAGGGCAATGTT
OKe350_3F,H01,Oke_RDDFW48705_55_F,CGACAGGTTCAGAGTTCTACAGTCCGACGATCCACACAGAGCACGTGCAGAT
OKe350_3F,H02,Oke_RDDFW49372_62_F,CGACAGGTTCAGAGTTCTACAGTCCGACGATCGCCAAGCCCAGACTACACAT
OKe350_3F,H03,Oke_RDDFW50553_28_F,CGACAGGTTCAGAGTTCTACAGTCCGACGATCCAGGGTGGATGGCTCCAG
OKe350_3F,H04,Oke_RDDFW50712_39_F,CGACAGGTTCAGAGTTCTACAGTCCGACGATCTCCTCCTGCAGCTGTAAGTT
OKe350_3F,H05,Oke_RDDFW51270_33_F,CGACAGGTTCAGAGTTCTACAGTCCGACGATCGGAATCCTGGAAGAAGGCTAA
OKe350_3F,H06,Oke_RDDFW51705_44_F,CGACAGGTTCAGAGTTCTACAGTCCGACGATCGGTTGTTCCGTTCCATTGGTG
OKe350_3F,H07,Oke_RDDFW52567_35_F,CGACAGGTTCAGAGTTCTACAGTCCGACGATCTGCAGGCAGTCACTAAGTCTG
OKe350_3F,H08,Oke_RDDFW52773_67_F,CGACAGGTTCAGAGTTCTACAGTCCGACGATCTGCAGGATCGTCTGAGGAG
OKe350_3F,H09,Oke_RDDFW53380_67_F,CGACAGGTTCAGAGTTCTACAGTCCGACGATCTCTTTTGTCAGTGGTGGATGA
OKe350_3F,H10,Oke_RDDFW54241_69_F,CGACAGGTTCAGAGTTCTACAGTCCGACGATCTGCAGGTCAGCAAAATAATCT
OKe350_3F,H11,Oke_RDDFW57028_36_F,CGACAGGTTCAGAGTTCTACAGTCCGACGATCGCAGGGTTTCAGCTTCAGTT
OKe350_3F,H12,Oke_RDDFW57213_78_F,CGACAGGTTCAGAGTTCTACAGTCCGACGATCGGTCACGCCAAGGTTCTTT
OKe350_4F,A01,Oke_RDDFW58551_52_F,CGACAGGTTCAGAGTTCTACAGTCCGACGATCCATGGCCAAAGTCAGGTACA
OKe350_4F,A02,Oke_RDDFW58967_48_F,CGACAGGTTCAGAGTTCTACAGTCCGACGATCAAGTGGATTCCATGCAACTG
OKe350_4F,A03,Oke_RDDFW59084_41_F,CGACAGGTTCAGAGTTCTACAGTCCGACGATCATTGGAGGGAACAGCACACT
OKe350_4F,A04,Oke_RDDFW59113_30_F,CGACAGGTTCAGAGTTCTACAGTCCGACGATCCAGGATGAATGAATCCTCCAC
OKe350_4F,A05,Oke_RDDFW6089_75_F,CGACAGGTTCAGAGTTCTACAGTCCGACGATCGAGTTGGCGTTGGCTGAC
OKe350_4F,A06,Oke_RDDFW61097_36_F,CGACAGGTTCAGAGTTCTACAGTCCGACGATCCGCTACATGCAGGGTGTCT
OKe350_4F,A07,Oke_RDDFW61270_26_F,CGACAGGTTCAGAGTTCTACAGTCCGACGATCCAGGGAACAATGAGGGATTG
OKe350_4F,A08,Oke_RDDFW61351_74_F,CGACAGGTTCAGAGTTCTACAGTCCGACGATCACCTTCCAGCAAGACAGGTA
OKe350_4F,A09,Oke_RDDFW61394_55_F,CGACAGGTTCAGAGTTCTACAGTCCGACGATCTGCAGGCTTCAAGTAAAGTGTT
OKe350_4F,A10,Oke_RDDFW62184_66_F,CGACAGGTTCAGAGTTCTACAGTCCGACGATCACATTTGGTGGTGCTTCAGA
OKe350_4F,A11,Oke_RDDFW63326_23_F,CGACAGGTTCAGAGTTCTACAGTCCGACGATCTGCAGGTTTTAACTCTCACGTT
OKe350_4F,A12,Oke_RDDFW63766_37_F,CGACAGGTTCAGAGTTCTACAGTCCGACGATCTGCAGGGGTCTGTGTCTATG
OKe350_4F,B01,Oke_RDDFW64078_73_F,CGACAGGTTCAGAGTTCTACAGTCCGACGATCTCAGGGTGAACTGTCCCTTT
OKe350_4F,B02,Oke_RDDFW64969_46_F,CGACAGGTTCAGAGTTCTACAGTCCGACGATCGCAGGTAACCCTGCCTTCTA
OKe350_4F,B03,Oke_RDDFW65679_48_F,CGACAGGTTCAGAGTTCTACAGTCCGACGATCTGCAGGAGAGAACATTCTGG
OKe350_4F,B04,Oke_RDDFW65809_61_F,CGACAGGTTCAGAGTTCTACAGTCCGACGATCAGGGAAGACCTGAGGTTGG
OKe350_4F,B05,Oke_RDDFW65817_59_F,CGACAGGTTCAGAGTTCTACAGTCCGACGATCGGAACAATGAGCTGGAGAGG
OKe350_4F,B06,Oke_RDDFW6606_46_F,CGACAGGTTCAGAGTTCTACAGTCCGACGATCGCCCGATGATGCCTATATCGT
OKe350_4F,B07,Oke_RDDFW66307_18_F,CGACAGGTTCAGAGTTCTACAGTCCGACGATCTGCAGGCCCACAAGCTG
OKe350_4F,B08,Oke_RDDFW66740_41_F,CGACAGGTTCAGAGTTCTACAGTCCGACGATCTCCCAGTGGTAGAGTGTCACC
OKe350_4F,B09,Oke_RDDFW67033_73_F,CGACAGGTTCAGAGTTCTACAGTCCGACGATCGAGCACATCACAAATGCAGAA
OKe350_4F,B10,Oke_RDDFW6714_54_F,CGACAGGTTCAGAGTTCTACAGTCCGACGATCCAATCTGCAGGAGTTCCACA
OKe350_4F,B11,Oke_RDDFW67894_45_F,CGACAGGTTCAGAGTTCTACAGTCCGACGATCGCAGGAAAGGGATCTGGAG
OKe350_4F,B12,Oke_RDDFW68590_61_F,CGACAGGTTCAGAGTTCTACAGTCCGACGATCAGAGCAATTTTCCCGGTTGT
OKe350_4F,C01,Oke_RDDFW6872_56_F,CGACAGGTTCAGAGTTCTACAGTCCGACGATCGAAATGCAGCGAACAGAGC
OKe350_4F,C02,Oke_RDDFW69367_28_F,CGACAGGTTCAGAGTTCTACAGTCCGACGATCTGCAGGTAATTAGAGGCCGAG
OKe350_4F,C03,Oke_RDDFW69501_76_F,CGACAGGTTCAGAGTTCTACAGTCCGACGATCGTGTGTTGGAAAGCTGCTCA
OKe350_4F,C04,Oke_RDDFW69741_55_F,CGACAGGTTCAGAGTTCTACAGTCCGACGATCGGTCCTACCTGCAACCTGAG
OKe350_4F,C05,Oke_RDDFW69778_62_F,CGACAGGTTCAGAGTTCTACAGTCCGACGATCGTCAGACAGCCAGGGAAGAC
OKe350_4F,C06,Oke_RDDFW69792_54_F,CGACAGGTTCAGAGTTCTACAGTCCGACGATCTATGGGTGAATGGGGCTAGA
OKe350_4F,C07,Oke_RDDFW70556_28_F,CGACAGGTTCAGAGTTCTACAGTCCGACGATCAGGGATGGGGGTTAGGATTA
OKe350_4F,C08,Oke_RDDFW70829_40_F,CGACAGGTTCAGAGTTCTACAGTCCGACGATCAGCTTGGCTGTGGTGTTTCT
OKe350_4F,C09,Oke_RDDFW70902_20_F,CGACAGGTTCAGAGTTCTACAGTCCGACGATCCAGGCCGGAAGACTGAGA
OKe350_4F,C10,Oke_RDDFW71171_55_F,CGACAGGTTCAGAGTTCTACAGTCCGACGATCTCTGAGAGGCTCTGGAGGAG
OKe350_4F,C11,Oke_RDDFW71319_78_F,CGACAGGTTCAGAGTTCTACAGTCCGACGATCCTAAAGGCCCGCTCTGGAC
OKe350_4F,C12,Oke_RDDFW71747_19_F,CGACAGGTTCAGAGTTCTACAGTCCGACGATCGCAGGACACAGCGTGCTA
OKe350_4F,D01,Oke_RDDFW71866_73_F,CGACAGGTTCAGAGTTCTACAGTCCGACGATCGGCTGGTAGATTTCCTGAAGC
OKe350_4F,D02,Oke_RDDFW72082_30_F,CGACAGGTTCAGAGTTCTACAGTCCGACGATCCAGGTGCAGTCAGCTTGTTC
OKe350_4F,D03,Oke_RDDFW72091_54_F,CGACAGGTTCAGAGTTCTACAGTCCGACGATCAAAGACAGAGATTGGCTGAGG
OKe350_4F,D04,Oke_RDDFW72178_38_F,CGACAGGTTCAGAGTTCTACAGTCCGACGATCTGCAGGACTTTGTTCCTCTT
OKe350_4F,D05,Oke_RDDFW72464_65_F,CGACAGGTTCAGAGTTCTACAGTCCGACGATCGGTGATGTCAGTTGCTCTCG
OKe350_4F,D06,Oke_RDDFW72515_22_F,CGACAGGTTCAGAGTTCTACAGTCCGACGATCGCAGGAAATGCAAATGAGC
OKe350_4F,D07,Oke_RDDFW72580_61_F,CGACAGGTTCAGAGTTCTACAGTCCGACGATCTCTTATCCCTCTTGTAATTCTTCC
OKe350_4F,D08,Oke_RDDFW73626_31_F,CGACAGGTTCAGAGTTCTACAGTCCGACGATCGGCAAAGTCGGGTTGAGAT
OKe350_4F,D09,Oke_RDDFW73828_41_F,CGACAGGTTCAGAGTTCTACAGTCCGACGATCTTGCTTTGTGGAGTTTGGTG
OKe350_4F,D10,Oke_RDDFW74107_70_F,CGACAGGTTCAGAGTTCTACAGTCCGACGATCTGTTGGGGAATAGAGGCTGT
OKe350_4F,D11,Oke_RDDFW75268_70_F,CGACAGGTTCAGAGTTCTACAGTCCGACGATCAAGTGTCCGTCTCATTACATTGTC
OKe350_4F,D12,Oke_RDDFW75348_40_F,CGACAGGTTCAGAGTTCTACAGTCCGACGATCCAGCCACTGTAGCAGGGAAT
OKe350_4F,E01,Oke_RDDFW76878_51_F,CGACAGGTTCAGAGTTCTACAGTCCGACGATCACGGTGTTTCCTCCACACAT
OKe350_4F,E02,Oke_RDDFW78157_36_F,CGACAGGTTCAGAGTTCTACAGTCCGACGATCCCAGTGCTTTTGTTCCCATC
OKe350_4F,E03,Oke_RDDFW78789_24_F,CGACAGGTTCAGAGTTCTACAGTCCGACGATCGTATGTGGTGCGGAGCATC
OKe350_4F,E04,Oke_RDDFW80059_43_F,CGACAGGTTCAGAGTTCTACAGTCCGACGATCTGCAGGAGAGCTACCAGACA
OKe350_4F,E05,Oke_RDDFW80154_68_F,CGACAGGTTCAGAGTTCTACAGTCCGACGATCCCGTCATAAAACAGTGGGAGA
OKe350_4F,E06,Oke_RDDFW80662_52_F,CGACAGGTTCAGAGTTCTACAGTCCGACGATCCAGGATCGTCACCTGGACA
OKe350_4F,E07,Oke_RDDFW89343_75_F,CGACAGGTTCAGAGTTCTACAGTCCGACGATCGTGCACCATGACAGTGAAGC
OKe350_4F,E08,Oke_RDDFW89357_49_F,CGACAGGTTCAGAGTTCTACAGTCCGACGATCAGGATTGTAGCGGCAGAGAG
OKe350_4F,E09,Oke_RDDFW89443_55_F,CGACAGGTTCAGAGTTCTACAGTCCGACGATCAGGCTGCTTTAGAGCCACAC
OKe350_4F,E10,Oke_RDDFW90259_25_F,CGACAGGTTCAGAGTTCTACAGTCCGACGATCCAGGTGCGTTTGACCACTG
OKe350_4F,E11,Oke_RDDFW90437_74_F,CGACAGGTTCAGAGTTCTACAGTCCGACGATCATTCCAGCCAGTGGTTGTGT
OKe350_4F,E12,Oke_RDDFW9156_37_F,CGACAGGTTCAGAGTTCTACAGTCCGACGATCGCAGAACTCGAGTCCAAAGG
OKe350_4F,F01,Oke_RDDFW945_50_F,CGACAGGTTCAGAGTTCTACAGTCCGACGATCGACCAGGCCGTGTTTGAC
OKe350_4F,F02,Oke_RDDFW9886_52_F,CGACAGGTTCAGAGTTCTACAGTCCGACGATCCCAAGAGGAAGCAGCAGGAT
OKe350_4F,F03,EMPTY,EMPTY
OKe350_4F,F04,EMPTY,EMPTY
OKe350_4F,F05,EMPTY,EMPTY
OKe350_4F,F06,EMPTY,EMPTY
OKe350_4F,F07,EMPTY,EMPTY
OKe350_4F,F08,EMPTY,EMPTY
OKe350_4F,F09,EMPTY,EMPTY
OKe350_4F,F10,EMPTY,EMPTY
OKe350_4F,F11,EMPTY,EMPTY
OKe350_4F,F12,EMPTY,EMPTY
OKe350_4F,G01,EMPTY,EMPTY
OKe350_4F,G02,EMPTY,EMPTY
OKe350_4F,G03,EMPTY,EMPTY
OKe350_4F,G04,EMPTY,EMPTY
OKe350_4F,G05,EMPTY,EMPTY
OKe350_4F,G06,EMPTY,EMPTY
OKe350_4F,G07,EMPTY,EMPTY
OKe350_4F,G08,EMPTY,EMPTY
OKe350_4F,G09,EMPTY,EMPTY
OKe350_4F,G10,EMPTY,EMPTY
OKe350_4F,G11,EMPTY,EMPTY
OKe350_4F,G12,EMPTY,EMPTY
OKe350_4F,H01,EMPTY,EMPTY
OKe350_4F,H02,EMPTY,EMPTY
OKe350_4F,H03,EMPTY,EMPTY
OKe350_4F,H04,EMPTY,EMPTY
OKe350_4F,H05,EMPTY,EMPTY
OKe350_4F,H06,EMPTY,EMPTY
OKe350_4F,H07,EMPTY,EMPTY
OKe350_4F,H08,EMPTY,EMPTY
OKe350_4F,H09,EMPTY,EMPTY
OKe350_4F,H10,EMPTY,EMPTY
OKe350_4F,H11,EMPTY,EMPTY
OKe350_4F,H12,EMPTY,EMPTY
OKe350_1R,A01,Oke_ACOT_100_R,GTGACTGGAGTTCAGACGTGTGCTCTTCCGATCTGGGAGAGACACAGGTCTACCT
OKe350_1R,A02,Oke_AhR1_278_R,GTGACTGGAGTTCAGACGTGTGCTCTTCCGATCTCCCACGGTAGTCGAAGCA
OKe350_1R,A03,Oke_APOB_60_R,GTGACTGGAGTTCAGACGTGTGCTCTTCCGATCTGGCACTACAAAAGAGGGAATCTCA
OKe350_1R,A04,Oke_arf_319_R,GTGACTGGAGTTCAGACGTGTGCTCTTCCGATCTTCTGTTGTTACTCTGTTTCCTGCAA
OKe350_1R,A05,Oke_ATP5L_105_R,GTGACTGGAGTTCAGACGTGTGCTCTTCCGATCTTGTTTTAAGGTGTGACTTGCTGGTA
OKe350_1R,A06,Oke_brd2_118_R,GTGACTGGAGTTCAGACGTGTGCTCTTCCGATCTGGGCCGTTTCCTGAAGCA
OKe350_1R,A07,Oke_brp16_65_R,GTGACTGGAGTTCAGACGTGTGCTCTTCCGATCTACGGTCAACTTTTGGATTAGTGAAGA
OKe350_1R,A08,Oke_CATB_60_R,GTGACTGGAGTTCAGACGTGTGCTCTTCCGATCTGCACTCCTCTTACACAACTCTGA
OKe350_1R,A09,Oke_ccd16_77_R,GTGACTGGAGTTCAGACGTGTGCTCTTCCGATCTGAGAAAGTTGCCGAGCTCAAG
OKe350_1R,A10,Oke_CD123_62_R,GTGACTGGAGTTCAGACGTGTGCTCTTCCGATCTTTGACGCTGTGTGTCTTCGA
OKe350_1R,A11,Oke_cjo57_86_R,GTGACTGGAGTTCAGACGTGTGCTCTTCCGATCTCAGATTGAACAGTGCCCAGAGA
OKe350_1R,A12,Oke_CKS_389_R,GTGACTGGAGTTCAGACGTGTGCTCTTCCGATCTGAGCACCGGTTGTCATGGA
OKe350_1R,B01,Oke_CKS1_70_R,GTGACTGGAGTTCAGACGTGTGCTCTTCCGATCTATGTACATCTCTCCATGTGTTTTGGT
OKe350_1R,B02,Oke_ctgf_105_R,GTGACTGGAGTTCAGACGTGTGCTCTTCCGATCTTCGGTTCAAGTTAAGAGTCATTGGTT
OKe350_1R,B03,Oke_CTR2_82_R,GTGACTGGAGTTCAGACGTGTGCTCTTCCGATCTCCATTCCCATCGGCATCGT
OKe350_1R,B04,Oke_DBLOH_79_R,GTGACTGGAGTTCAGACGTGTGCTCTTCCGATCTGACAGTCAAAGGATCAAGCTACCT
OKe350_1R,B05,Oke_DCXR_87_R,GTGACTGGAGTTCAGACGTGTGCTCTTCCGATCTTCTAACACACCCACAATCTGCAAAA
OKe350_1R,B06,Oke_DM20_548_R,GTGACTGGAGTTCAGACGTGTGCTCTTCCGATCTACGGACAGCTCATTTACATACACAA
OKe350_1R,B07,Oke_e2ig5_50_R,GTGACTGGAGTTCAGACGTGTGCTCTTCCGATCTGGGAGTTCTTAGTGTGACCATAGAG
OKe350_1R,B08,Oke_EF2_394_R,GTGACTGGAGTTCAGACGTGTGCTCTTCCGATCTGCAGTCTCCTCCTTCTTGAAGTT
OKe350_1R,B09,Oke_eif4ebp2_64_R,GTGACTGGAGTTCAGACGTGTGCTCTTCCGATCTTGGCTTGGCTTGTAGAAACCA
OKe350_1R,B10,Oke_eif4g1_43_R,GTGACTGGAGTTCAGACGTGTGCTCTTCCGATCTCCACCCCCAGTAGTCAATCCT
OKe350_1R,B11,Oke_f5_71_R,GTGACTGGAGTTCAGACGTGTGCTCTTCCGATCTGATCCTCATGCACATCCAAACG
OKe350_1R,B12,Oke_glrx1_78_R,GTGACTGGAGTTCAGACGTGTGCTCTTCCGATCTGGCCAAAGAGGTATTGACAAAGTAC
OKe350_1R,C01,Oke_GNMT_100_R,GTGACTGGAGTTCAGACGTGTGCTCTTCCGATCTAGCGTGGACTCCATCATGTTG
OKe350_1R,C02,Oke_GPDH_191_R,GTGACTGGAGTTCAGACGTGTGCTCTTCCGATCTTGCCCTCTGATGGTATGATGGT
OKe350_1R,C03,Oke_H2AX_72_R,GTGACTGGAGTTCAGACGTGTGCTCTTCCGATCTCGAGGACAGCAGCCATGTA
OKe350_1R,C04,Oke_HP_182_R,GTGACTGGAGTTCAGACGTGTGCTCTTCCGATCTGTCTGAATATTGTTTGAAAGAGATGGTAATGG
OKe350_1R,C05,Oke_hsc71_199_R,GTGACTGGAGTTCAGACGTGTGCTCTTCCGATCTACAAGTCATGAGACTCAGACACAAG
OKe350_1R,C06,Oke_il_1racp_67_R,GTGACTGGAGTTCAGACGTGTGCTCTTCCGATCTCCATCATTCAGACGACAAGGAGTAT
OKe350_1R,C07,Oke_IL8r_272_R,GTGACTGGAGTTCAGACGTGTGCTCTTCCGATCTACCGACGCTTCTAGCAATGTAC
OKe350_1R,C08,Oke_IL8r2_406_R,GTGACTGGAGTTCAGACGTGTGCTCTTCCGATCTTTTCCAATCCCTGGCATCGT
OKe350_1R,C09,Oke_KPNA2_87_R,GTGACTGGAGTTCAGACGTGTGCTCTTCCGATCTAGGGACAGACAAGGCAACAG
OKe350_1R,C10,Oke_lactb2_71_R,GTGACTGGAGTTCAGACGTGTGCTCTTCCGATCTTTCGCACAACTCTGGACGATAG
OKe350_1R,C11,Oke_LAMP2_186_R,GTGACTGGAGTTCAGACGTGTGCTCTTCCGATCTAACTGCTCCAAATGCTGGTTAGTA
OKe350_1R,C12,Oke_mcfd2_86_R,GTGACTGGAGTTCAGACGTGTGCTCTTCCGATCTGTCAAAACAAAATCTGTGCAACCCT
OKe350_1R,D01,Oke_METK2_97_R,GTGACTGGAGTTCAGACGTGTGCTCTTCCGATCTGGCACATCCCAGAAGAGTGA
OKe350_1R,D02,Oke_mgll_49_R,GTGACTGGAGTTCAGACGTGTGCTCTTCCGATCTGGTACCACCTGCAACATCAAC
OKe350_1R,D03,Oke_MLRN_63_R,GTGACTGGAGTTCAGACGTGTGCTCTTCCGATCTGATGTCACAGACCAGTACCATGTTT
OKe350_1R,D04,Oke_nc2b_148_R,GTGACTGGAGTTCAGACGTGTGCTCTTCCGATCTGCACCCTATTCCCTACATGGT
OKe350_1R,D05,Oke_ndub3_58_R,GTGACTGGAGTTCAGACGTGTGCTCTTCCGATCTCAGCGAAGCCCCATTTAAAGC
OKe350_1R,D06,Oke_PDIA3_475_R,GTGACTGGAGTTCAGACGTGTGCTCTTCCGATCTCTGGTGGCCTACTACGATGTG
OKe350_1R,D07,Oke_pnrc2_78_R,GTGACTGGAGTTCAGACGTGTGCTCTTCCGATCTCATCTCTAGGCATGCACCTTGA
OKe350_1R,D08,Oke_PPA2_635_R,GTGACTGGAGTTCAGACGTGTGCTCTTCCGATCTTGGATAAAGATCTATATGGTGAATAAGGTCACA
OKe350_1R,D09,Oke_psmd9_188_R,GTGACTGGAGTTCAGACGTGTGCTCTTCCGATCTGGGCTTGCGAATTAGTGATGAAATC
OKe350_1R,D10,Oke_rab5a_117_R,GTGACTGGAGTTCAGACGTGTGCTCTTCCGATCTCCATTGTTGGAAACTGGACAGC
OKe350_1R,D11,Oke_ras1_249_R,GTGACTGGAGTTCAGACGTGTGCTCTTCCGATCTAATTTTATGACTGCTTGAAGATTGAGTGC
OKe350_1R,D12,Oke_RFC2_618_R,GTGACTGGAGTTCAGACGTGTGCTCTTCCGATCTCACTGGAATACTTAAGTGCACAACA
OKe350_1R,E01,Oke_RH1op_245_R,GTGACTGGAGTTCAGACGTGTGCTCTTCCGATCTTCCAAAGACGAAATAGCCATGCA
OKe350_1R,E02,Oke_RS9_379_R,GTGACTGGAGTTCAGACGTGTGCTCTTCCGATCTGTCTATAAGACTGCCCAGAACCAA
OKe350_1R,E03,Oke_RSPRY1_106_R,GTGACTGGAGTTCAGACGTGTGCTCTTCCGATCTGCAAAGAAGCCAGACCTGAGAAA
OKe350_1R,E04,Oke_serpin_140_R,GTGACTGGAGTTCAGACGTGTGCTCTTCCGATCTAGCAAAGACCTAGGCCTGAA
OKe350_1R,E05,Oke_slc1a3a_86_R,GTGACTGGAGTTCAGACGTGTGCTCTTCCGATCTTCACCATGACAACTCACCTAGATGA
OKe350_1R,E06,Oke_sylc_90_R,GTGACTGGAGTTCAGACGTGTGCTCTTCCGATCTGCATCCTTCCTACCTTCCTTGAG
OKe350_1R,E07,Oke_TCP1_78_R,GTGACTGGAGTTCAGACGTGTGCTCTTCCGATCTTGCTCATTACCACCATCTCTCTCT
OKe350_1R,E08,Oke_TCTA_99_R,GTGACTGGAGTTCAGACGTGTGCTCTTCCGATCTGCCACCATCATCACGTTTAGTTCTA
OKe350_1R,E09,Oke_thic_84_R,GTGACTGGAGTTCAGACGTGTGCTCTTCCGATCTGCCTTCCTATTTGTCCTGTTCTCT
OKe350_1R,E10,Oke_txnrd1_74_R,GTGACTGGAGTTCAGACGTGTGCTCTTCCGATCTGACGTCCTGGCCCTTAACC
OKe350_1R,E11,Oke_u1_519_R,GTGACTGGAGTTCAGACGTGTGCTCTTCCGATCTCAACTCAGCACAAGAACTGTTCAC
OKe350_1R,E12,Oke_U1002_165_R,GTGACTGGAGTTCAGACGTGTGCTCTTCCGATCTTCCTGCTGGAGCACATGTTC
OKe350_1R,F01,Oke_U1002_262_R,GTGACTGGAGTTCAGACGTGTGCTCTTCCGATCTGCTGTGAACTCAGAATTGCTGTGTA
OKe350_1R,F02,Oke_U1008_83_R,GTGACTGGAGTTCAGACGTGTGCTCTTCCGATCTACTGTAAAACAAATACAGAAGCTCACTCA
OKe350_1R,F03,Oke_U1015_255_R,GTGACTGGAGTTCAGACGTGTGCTCTTCCGATCTACTCTGTCATCCTCACCAAGGTAA
OKe350_1R,F04,Oke_U1017_52_R,GTGACTGGAGTTCAGACGTGTGCTCTTCCGATCTCCAAGGAGTCCATGGTAATAAGCAA
OKe350_1R,F05,Oke_U1019_218_R,GTGACTGGAGTTCAGACGTGTGCTCTTCCGATCTTTCCTACAGAGGCAGATGCTAGT
OKe350_1R,F06,Oke_U1020_75_R,GTGACTGGAGTTCAGACGTGTGCTCTTCCGATCTGTTCACAAACGGCACAACAGTAC
OKe350_1R,F07,Oke_U1021_102_R,GTGACTGGAGTTCAGACGTGTGCTCTTCCGATCTAGCAAAATCACTAAGTCTCTCGTGTT
OKe350_1R,F08,Oke_U1023_147_R,GTGACTGGAGTTCAGACGTGTGCTCTTCCGATCTGGCTTCAGTTGACCATGTACTCATA
OKe350_1R,F09,Oke_U1024_113_R,GTGACTGGAGTTCAGACGTGTGCTCTTCCGATCTCTGCTACATATGAAACTAGAGAACACACT
OKe350_1R,F10,Oke_U1028_100_R,GTGACTGGAGTTCAGACGTGTGCTCTTCCGATCTCCCTCCAAGTCCCCAGTCA
OKe350_1R,F11,Oke_u200_385_R,GTGACTGGAGTTCAGACGTGTGCTCTTCCGATCTCCTTTCCCCATATCCTGTCACTTTT
OKe350_1R,F12,Oke_U2001_629_R,GTGACTGGAGTTCAGACGTGTGCTCTTCCGATCTTTAGTACAAATGAACGAGGGTTGGAA
OKe350_1R,G01,Oke_U2003_142_R,GTGACTGGAGTTCAGACGTGTGCTCTTCCGATCTCCTTGAAAGTGAGATATCTGTAGTTCGT
OKe350_1R,G02,Oke_U2005_62_R,GTGACTGGAGTTCAGACGTGTGCTCTTCCGATCTGAGGTCAAGGCTTCAACATCAC
OKe350_1R,G03,Oke_U2006_109_R,GTGACTGGAGTTCAGACGTGTGCTCTTCCGATCTGCACACCCTAATTGACAAACAAACC
OKe350_1R,G04,Oke_U2010_94_R,GTGACTGGAGTTCAGACGTGTGCTCTTCCGATCTGCCCTTCTCTTTCTCCATACTTTTCT
OKe350_1R,G05,Oke_U2011_107_R,GTGACTGGAGTTCAGACGTGTGCTCTTCCGATCTCTGGAGTGACTCAGGATCATAGC
OKe350_1R,G06,Oke_U2016_118_R,GTGACTGGAGTTCAGACGTGTGCTCTTCCGATCTGAGGTGCATGCTTTTGTTCCA
OKe350_1R,G07,Oke_U2017_87_R,GTGACTGGAGTTCAGACGTGTGCTCTTCCGATCTCCATGATTTGAAAAGAGCTGAACCAT
OKe350_1R,G08,Oke_U2019_112_R,GTGACTGGAGTTCAGACGTGTGCTCTTCCGATCTCGTACTGCTGATCCCAAATGATTTT
OKe350_1R,G09,Oke_U2020_51_R,GTGACTGGAGTTCAGACGTGTGCTCTTCCGATCTACGTTCTTCGCCTCATGTTACATTA
OKe350_1R,G10,Oke_U2022_101_R,GTGACTGGAGTTCAGACGTGTGCTCTTCCGATCTGTCACTGCAGCCTAACGTTATATTG
OKe350_1R,G11,Oke_U2024_93_R,GTGACTGGAGTTCAGACGTGTGCTCTTCCGATCTGAAGTGTTGACCTCTGCTCCTT
OKe350_1R,G12,Oke_U2025_86_R,GTGACTGGAGTTCAGACGTGTGCTCTTCCGATCTATTGTCCTTCCGCAGTGGT
OKe350_1R,H01,Oke_U2026_64_R,GTGACTGGAGTTCAGACGTGTGCTCTTCCGATCTGCCTCTCACGTTACACTGTCATTTT
OKe350_1R,H02,Oke_U2029_79_R,GTGACTGGAGTTCAGACGTGTGCTCTTCCGATCTAAATCCCAGGGAGCGAAAGTC
OKe350_1R,H03,Oke_U2031_37_R,GTGACTGGAGTTCAGACGTGTGCTCTTCCGATCTCGTTTGAGACGCCCTTCACT
OKe350_1R,H04,Oke_U2032_74_R,GTGACTGGAGTTCAGACGTGTGCTCTTCCGATCTAACCCTATCTGCTCATTGGTCATG
OKe350_1R,H05,Oke_U2033_122_R,GTGACTGGAGTTCAGACGTGTGCTCTTCCGATCTGGCCTGGGTATGACTCAACATG
OKe350_1R,H06,Oke_U2034_55_R,GTGACTGGAGTTCAGACGTGTGCTCTTCCGATCTCCCAGAGCGAATGCCAACA
OKe350_1R,H07,Oke_U2035_54_R,GTGACTGGAGTTCAGACGTGTGCTCTTCCGATCTCTTCACACCCTGAGAACTGGTTTTA
OKe350_1R,H08,Oke_U2037_76_R,GTGACTGGAGTTCAGACGTGTGCTCTTCCGATCTGGCATTCACTACATCACATGACCTT
OKe350_1R,H09,Oke_U2041_84_R,GTGACTGGAGTTCAGACGTGTGCTCTTCCGATCTGTGAATATTTTGGCAAGCCTGTACA
OKe350_1R,H10,Oke_U2043_51_R,GTGACTGGAGTTCAGACGTGTGCTCTTCCGATCTGCCAGCTTTGTAGTCTTGTGGAAA
OKe350_1R,H11,Oke_U2045_43_R,GTGACTGGAGTTCAGACGTGTGCTCTTCCGATCTCCAGGTGTGGCAGTGGAT
OKe350_1R,H12,Oke_U2048_91_R,GTGACTGGAGTTCAGACGTGTGCTCTTCCGATCTGGACTCTTGACGGCCATCTTA
OKe350_2R,A01,Oke_U2049_99_R,GTGACTGGAGTTCAGACGTGTGCTCTTCCGATCTACACACGGCATTGCAAACTC
OKe350_2R,A02,Oke_U2053_60_R,GTGACTGGAGTTCAGACGTGTGCTCTTCCGATCTCACACGAGGGTGGACTTAGTT
OKe350_2R,A03,Oke_U2054_58_R,GTGACTGGAGTTCAGACGTGTGCTCTTCCGATCTTTGGTTCAAGATGACACTGGTGT
OKe350_2R,A04,Oke_U2056_90_R,GTGACTGGAGTTCAGACGTGTGCTCTTCCGATCTGACATTAGCTGGCAGTCTGATCA
OKe350_2R,A05,Oke_U2057_80_R,GTGACTGGAGTTCAGACGTGTGCTCTTCCGATCTGCCCCTCGTTCATTTTCAGATG
OKe350_2R,A06,Oke_u216_222_R,GTGACTGGAGTTCAGACGTGTGCTCTTCCGATCTCCCAGATGTTATTGTTTAAACTAGAGAATGC
OKe350_2R,A07,Oke_U305_307_R,GTGACTGGAGTTCAGACGTGTGCTCTTCCGATCTCACGGCTGTCCATTTGCAAT
OKe350_2R,A08,Oke_U504_228_R,GTGACTGGAGTTCAGACGTGTGCTCTTCCGATCTGTGAGTTACAATGAGCTGCATGAG
OKe350_2R,A09,Oke_U506_110_R,GTGACTGGAGTTCAGACGTGTGCTCTTCCGATCTCGTTTCTCAAGATGTTCCTCTCCAA
OKe350_2R,A10,Oke_U507_286_R,GTGACTGGAGTTCAGACGTGTGCTCTTCCGATCTCCTAACTGTTCTTGCCCATATAGTGAA
OKe350_2R,A11,Oke_U509_219_R,GTGACTGGAGTTCAGACGTGTGCTCTTCCGATCTTCACTCACTCTGCGTCTCTCT
OKe350_2R,A12,Oke_U511_271_R,GTGACTGGAGTTCAGACGTGTGCTCTTCCGATCTCGATGAGAAGGTGTCCACATACTTT
OKe350_2R,B01,Oke_U514_150_R,GTGACTGGAGTTCAGACGTGTGCTCTTCCGATCTGGCCAAGGATTATAGAGACAACACT
OKe350_2R,B02,Oke_CO1A1_72_R,GTGACTGGAGTTCAGACGTGTGCTCTTCCGATCTACGACTGACATCAAGATAAATCTGCTAATTT
OKe350_2R,B03,Oke_PDIA3_082_R,GTGACTGGAGTTCAGACGTGTGCTCTTCCGATCTACTCAGCCCATCAGGACAAGA
OKe350_2R,B04,Oke_pgap_92_R,GTGACTGGAGTTCAGACGTGTGCTCTTCCGATCTAGACGACCATTATGGCTAACGTT
OKe350_2R,B05,Oke_psmd9_057_R,GTGACTGGAGTTCAGACGTGTGCTCTTCCGATCTACCAGTTGTATTTTATTGTGCCAAATGAC
OKe350_2R,B06,Oke_U507_087_R,GTGACTGGAGTTCAGACGTGTGCTCTTCCGATCTTCAGGGTACACAGTAGGCATAAAGT
OKe350_2R,B07,Oke_RAD10028_44_R,GTGACTGGAGTTCAGACGTGTGCTCTTCCGATCTGACATTTATTTAACATTACAGGACACGCC
OKe350_2R,B08,Oke_RAD10173_41_R,GTGACTGGAGTTCAGACGTGTGCTCTTCCGATCTTTGCGCAGTCAGATAGAGCTTATTT
OKe350_2R,B09,Oke_RAD10459_85_R,GTGACTGGAGTTCAGACGTGTGCTCTTCCGATCTCAAAGCCATTGTATCACATTTCAACTGT
OKe350_2R,B10,Oke_RAD10591_67_R,GTGACTGGAGTTCAGACGTGTGCTCTTCCGATCTGGTTTAAGGCCCTTGCCATGTA
OKe350_2R,B11,Oke_RAD10676_50_R,GTGACTGGAGTTCAGACGTGTGCTCTTCCGATCTGTTCCCAAAAACTGTAGAGGTGTCT
OKe350_2R,B12,Oke_RAD10719_31_R,GTGACTGGAGTTCAGACGTGTGCTCTTCCGATCTCTTGGTCACATCTGTCCATAGACT
OKe350_2R,C01,Oke_RAD11183_63_R,GTGACTGGAGTTCAGACGTGTGCTCTTCCGATCTACCTTGGCATTGAATACTACACACA
OKe350_2R,C02,Oke_RAD11379_85_R,GTGACTGGAGTTCAGACGTGTGCTCTTCCGATCTCCCGGATCCCGATTTAAGAATTGAT
OKe350_2R,C03,Oke_RAD11444_75_R,GTGACTGGAGTTCAGACGTGTGCTCTTCCGATCTAAGGACCAAAGCTGTACTGATGAAA
OKe350_2R,C04,Oke_RAD11500_80_R,GTGACTGGAGTTCAGACGTGTGCTCTTCCGATCTGGGAGCGTACAGGATTTGAATCA
OKe350_2R,C05,Oke_RAD11690_33_R,GTGACTGGAGTTCAGACGTGTGCTCTTCCGATCTCTGTCATGGTCAAAACATATTGGTTCAA
OKe350_2R,C06,Oke_RAD11918_57_R,GTGACTGGAGTTCAGACGTGTGCTCTTCCGATCTGCTGCTGGCACTTCTTACG
OKe350_2R,C07,Oke_RAD11928_30_R,GTGACTGGAGTTCAGACGTGTGCTCTTCCGATCTGGCCCAGGGACGTAATAAAACTAAA
OKe350_2R,C08,Oke_RAD11999_36_R,GTGACTGGAGTTCAGACGTGTGCTCTTCCGATCTACGGCCCAGCAAACACA
OKe350_2R,C09,Oke_RAD12038_34_R,GTGACTGGAGTTCAGACGTGTGCTCTTCCGATCTCAGAACAACAGAGCCAATGGAATT
OKe350_2R,C10,Oke_RAD12294_71_R,GTGACTGGAGTTCAGACGTGTGCTCTTCCGATCTGTGGTTGCACATTGGTTGAGT
OKe350_2R,C11,Oke_RAD12377_41_R,GTGACTGGAGTTCAGACGTGTGCTCTTCCGATCTTCCTAGTCGACTCGGCTACTG
OKe350_2R,C12,Oke_RAD12415_71_R,GTGACTGGAGTTCAGACGTGTGCTCTTCCGATCTTGTAGTATATCTGAAAAATATGCAGGAT
OKe350_2R,D01,Oke_RAD12909_51_R,GTGACTGGAGTTCAGACGTGTGCTCTTCCGATCTTTTTAATCTTATGTACGTCCAGTGCTTGA
OKe350_2R,D02,Oke_RAD13522_47_R,GTGACTGGAGTTCAGACGTGTGCTCTTCCGATCTCAGCTGATCTCCCTCACGTT
OKe350_2R,D03,Oke_RAD14303_73_R,GTGACTGGAGTTCAGACGTGTGCTCTTCCGATCTATGCTGGGAGTTGGAGATACC
OKe350_2R,D04,Oke_RAD14679_56_R,GTGACTGGAGTTCAGACGTGTGCTCTTCCGATCTGGCAGAATTGTTGCATTACACTG
OKe350_2R,D05,Oke_RAD14852_56_R,GTGACTGGAGTTCAGACGTGTGCTCTTCCGATCTGCCCCTGACCTGTGCA
OKe350_2R,D06,Oke_RAD14962_45_R,GTGACTGGAGTTCAGACGTGTGCTCTTCCGATCTGGCTCCATTGGAAGAAGACACA
OKe350_2R,D07,Oke_RAD16205_61_R,GTGACTGGAGTTCAGACGTGTGCTCTTCCGATCTCATTCTACAGGGCTAAGAGATTCAGT
OKe350_2R,D08,Oke_RAD1635_77_R,GTGACTGGAGTTCAGACGTGTGCTCTTCCGATCTGTGTGTATATGGGTGAGAGAAATGCATAT
OKe350_2R,D09,Oke_RAD16763_78_R,GTGACTGGAGTTCAGACGTGTGCTCTTCCGATCTCGGTGAAAGGTGAATGTGACAAAC
OKe350_2R,D10,Oke_RAD16805_31_R,GTGACTGGAGTTCAGACGTGTGCTCTTCCGATCTCTCCACAACCCTGCATATAGCAT
OKe350_2R,D11,Oke_RAD17085_70_R,GTGACTGGAGTTCAGACGTGTGCTCTTCCGATCTCCAAGAAAGAGTGAAACAGGTCACA
OKe350_2R,D12,Oke_RAD17316_60_R,GTGACTGGAGTTCAGACGTGTGCTCTTCCGATCTAGTCAGCTCCCTCCTTCTATAACC
OKe350_2R,E01,Oke_RAD17332_67_R,GTGACTGGAGTTCAGACGTGTGCTCTTCCGATCTGTATGGCCTGCGCAGTAAGT
OKe350_2R,E02,Oke_RAD19121_72_R,GTGACTGGAGTTCAGACGTGTGCTCTTCCGATCTCACATGTCTCCAACTCAACCATCA
OKe350_2R,E03,Oke_RAD19883_47_R,GTGACTGGAGTTCAGACGTGTGCTCTTCCGATCTGCGGTGGCAAGGTCACT
OKe350_2R,E04,Oke_RAD21307_43_R,GTGACTGGAGTTCAGACGTGTGCTCTTCCGATCTCAACTCCCCAACGAACTTAGGA
OKe350_2R,E05,Oke_RAD2158_44_R,GTGACTGGAGTTCAGACGTGTGCTCTTCCGATCTCCTCTTGGCTAACCATCTGTTCATG
OKe350_2R,E06,Oke_RAD22662_43_R,GTGACTGGAGTTCAGACGTGTGCTCTTCCGATCTGAGCAGGTGTGGTATGATCTACATG
OKe350_2R,E07,Oke_RAD2414_54_R,GTGACTGGAGTTCAGACGTGTGCTCTTCCGATCTCGTTTTGAATTCAGGCTGTAACACA
OKe350_2R,E08,Oke_RAD24191_34_R,GTGACTGGAGTTCAGACGTGTGCTCTTCCGATCTCAGGCCTGACCAAGTTAATAGTTGA
OKe350_2R,E09,Oke_RAD2522_75_R,GTGACTGGAGTTCAGACGTGTGCTCTTCCGATCTACTTTCAGGACCCTCTTTCTCTCT
OKe350_2R,E10,Oke_RAD27585_82_R,GTGACTGGAGTTCAGACGTGTGCTCTTCCGATCTGCAGCAGCTCTGGATCCT
OKe350_2R,E11,Oke_RAD27616_72_R,GTGACTGGAGTTCAGACGTGTGCTCTTCCGATCTACGTGGTCCTTTTCATAGAATGGAA
OKe350_2R,E12,Oke_RAD2772_76_R,GTGACTGGAGTTCAGACGTGTGCTCTTCCGATCTAGTAGGAGCCCTATCAGTAGTATTTGG
OKe350_2R,F01,Oke_RAD2812_43_R,GTGACTGGAGTTCAGACGTGTGCTCTTCCGATCTCAATAAACAGGGAGCTGGAACAAAC
OKe350_2R,F02,Oke_RAD2827_56_R,GTGACTGGAGTTCAGACGTGTGCTCTTCCGATCTTTTCCTTCTCTCTGGCTGTGATG
OKe350_2R,F03,Oke_RAD3131_64_R,GTGACTGGAGTTCAGACGTGTGCTCTTCCGATCTGTGTGCCTTGAATTCTAAATAAAATGAGTGT
OKe350_2R,F04,Oke_RAD3143_30_R,GTGACTGGAGTTCAGACGTGTGCTCTTCCGATCTAACGCTCTGTGAAGGTAATGTGTAT
OKe350_2R,F05,Oke_RAD3223_33_R,GTGACTGGAGTTCAGACGTGTGCTCTTCCGATCTGTGACAGTTACAAGGCATTGACATT
OKe350_2R,F06,Oke_RAD3480_76_R,GTGACTGGAGTTCAGACGTGTGCTCTTCCGATCTGGTATGACAGGTTTAACCCTTCTGA
OKe350_2R,F07,Oke_RAD3664_73_R,GTGACTGGAGTTCAGACGTGTGCTCTTCCGATCTCCCCTGGAAGGCCAAATCC
OKe350_2R,F08,Oke_RAD369_38_R,GTGACTGGAGTTCAGACGTGTGCTCTTCCGATCTTCTGGTCATAGGAATAACTCCGGAAAT
OKe350_2R,F09,Oke_RAD3693_30_R,GTGACTGGAGTTCAGACGTGTGCTCTTCCGATCTCGCAACACGTGAACCTTCTC
OKe350_2R,F10,Oke_RAD3715_76_R,GTGACTGGAGTTCAGACGTGTGCTCTTCCGATCTCCTTTCTAAACTCTGTGTCACATCCT
OKe350_2R,F11,Oke_RAD3762_78_R,GTGACTGGAGTTCAGACGTGTGCTCTTCCGATCTTGTTCCAAACGACTGTGTGATCTC
OKe350_2R,F12,Oke_RAD3861_38_R,GTGACTGGAGTTCAGACGTGTGCTCTTCCGATCTCTGTCCCTTTCAGACTAGCACTAG
OKe350_2R,G01,Oke_RAD3907_37_R,GTGACTGGAGTTCAGACGTGTGCTCTTCCGATCTGCCATAAACAGAGATACCGTTGGAT
OKe350_2R,G02,Oke_RAD3938_71_R,GTGACTGGAGTTCAGACGTGTGCTCTTCCGATCTCTGGATTTCGGATTTCGGATTCG
OKe350_2R,G03,Oke_RAD3995_44_R,GTGACTGGAGTTCAGACGTGTGCTCTTCCGATCTGAGCTACCGCCCTGTATGTT
OKe350_2R,G04,Oke_RAD4286_77_R,GTGACTGGAGTTCAGACGTGTGCTCTTCCGATCTGAGTCACGTGTCGGGTTCA
OKe350_2R,G05,Oke_RAD4538_78_R,GTGACTGGAGTTCAGACGTGTGCTCTTCCGATCTACGAAGTATCTCCTAGGCATGGT
OKe350_2R,G06,Oke_RAD4787_63_R,GTGACTGGAGTTCAGACGTGTGCTCTTCCGATCTGCAGGAGCAATTGTTCAAAACGTA
OKe350_2R,G07,Oke_RAD4875_62_R,GTGACTGGAGTTCAGACGTGTGCTCTTCCGATCTCCTGTGCATTTGCTGCTTTCATATTT
OKe350_2R,G08,Oke_RAD5156_68_R,GTGACTGGAGTTCAGACGTGTGCTCTTCCGATCTCTGAAACATCGAAGACACTACTCTCA
OKe350_2R,G09,Oke_RAD5276_66_R,GTGACTGGAGTTCAGACGTGTGCTCTTCCGATCTGACACTTCATGTTTTTGATTTAACCGA
OKe350_2R,G10,Oke_RAD5434_50_R,GTGACTGGAGTTCAGACGTGTGCTCTTCCGATCTCGGGTTATGGGAGGGTTTGG
OKe350_2R,G11,Oke_RAD5457_49_R,GTGACTGGAGTTCAGACGTGTGCTCTTCCGATCTGCCTCACGACCACAGTGTAAC
OKe350_2R,G12,Oke_RAD5615_34_R,GTGACTGGAGTTCAGACGTGTGCTCTTCCGATCTGGAGATGATGACTTCTGGGTTGATC
OKe350_2R,H01,Oke_RAD5734_46_R,GTGACTGGAGTTCAGACGTGTGCTCTTCCGATCTGCACTCTGAGTTTGTGGAGGTG
OKe350_2R,H02,Oke_RAD5951_44_R,GTGACTGGAGTTCAGACGTGTGCTCTTCCGATCTCCAGATGCCACAGATCAGTGAT
OKe350_2R,H03,Oke_RAD7067_53_R,GTGACTGGAGTTCAGACGTGTGCTCTTCCGATCTGCACAACGGCAGGAGATG
OKe350_2R,H04,Oke_RAD715_49_R,GTGACTGGAGTTCAGACGTGTGCTCTTCCGATCTAGACCAGTGTGGACAGGTAGTC
OKe350_2R,H05,Oke_RAD7431_40_R,GTGACTGGAGTTCAGACGTGTGCTCTTCCGATCTGAGCAGAGTAGAAATCACCTTGCA
OKe350_2R,H06,Oke_RAD7512_33_R,GTGACTGGAGTTCAGACGTGTGCTCTTCCGATCTTCAACAATAGCCCAGCTGCAT
OKe350_2R,H07,Oke_RAD7883_49_R,GTGACTGGAGTTCAGACGTGTGCTCTTCCGATCTTGAGTGGCTGGAGGTATTATAGGA
OKe350_2R,H08,Oke_RAD7936_41_R,GTGACTGGAGTTCAGACGTGTGCTCTTCCGATCTGGCCATCTTCTAGAGATAAAATCACATAATATG
OKe350_2R,H09,Oke_RAD8018_38_R,GTGACTGGAGTTCAGACGTGTGCTCTTCCGATCTCATTGAGAAAGTGGGCATAGATCGA
OKe350_2R,H10,Oke_RAD8326_32_R,GTGACTGGAGTTCAGACGTGTGCTCTTCCGATCTAGCAGAGAAAACCCCGAATCC
OKe350_2R,H11,Oke_RAD8335_79_R,GTGACTGGAGTTCAGACGTGTGCTCTTCCGATCTCCGACCATCAAGGTTTTGCAA
OKe350_2R,H12,Oke_RAD8372_31_R,GTGACTGGAGTTCAGACGTGTGCTCTTCCGATCTTGTGTGTGTGTGTGTTTACTTACGA
OKe350_3R,A01,Oke_RAD8698_82_R,GTGACTGGAGTTCAGACGTGTGCTCTTCCGATCTCCCCTCCCAGAGTGCCATAT
OKe350_3R,A02,Oke_RAD8799_30_R,GTGACTGGAGTTCAGACGTGTGCTCTTCCGATCTGTTGCTGTTTCAATCTGCATTACG
OKe350_3R,A03,Oke_RAD8814_56_R,GTGACTGGAGTTCAGACGTGTGCTCTTCCGATCTCTGTTTTCTGACGTTGACTTAACTCT
OKe350_3R,A04,Oke_RAD8930_48_R,GTGACTGGAGTTCAGACGTGTGCTCTTCCGATCTGGTTTGAGAGTTGCAAGGTACTG
OKe350_3R,A05,Oke_RAD905_85_R,GTGACTGGAGTTCAGACGTGTGCTCTTCCGATCTGCCCTGTGCCATTATAGTACGA
OKe350_3R,A06,Oke_RAD9273_49_R,GTGACTGGAGTTCAGACGTGTGCTCTTCCGATCTCGTAGATGAGACGGTTTCTGACA
OKe350_3R,A07,Oke_RAD9447_73_R,CGACAGGTTCAGAGTTCTACAGTCCGACGATCACCTGCTCAGCTCTGCTCTG
OKe350_3R,A08,Oke_RDDFW93316_60_R,CGACAGGTTCAGAGTTCTACAGTCCGACGATCACGGACGTCTTAGCGCATAC
OKe350_3R,A09,Oke_RDDFW92833_41_R,CGACAGGTTCAGAGTTCTACAGTCCGACGATCATGGAGAGTGGGTGCAGAAA
OKe350_3R,A10,Oke_RDDFW92495_48_R,CGACAGGTTCAGAGTTCTACAGTCCGACGATCCCACAACAACATCTCCCAAA
OKe350_3R,A11,Oke_RDDFW97046_68_R,CGACAGGTTCAGAGTTCTACAGTCCGACGATCCCCACACAGACTGAACACCA
OKe350_3R,A12,Oke_RDDFW95768_60_R,CGACAGGTTCAGAGTTCTACAGTCCGACGATCCCCAGAGGCCTCGATTATCT
OKe350_3R,B01,Oke_RDDFW91108_63_R,CGACAGGTTCAGAGTTCTACAGTCCGACGATCGCAGGTGTGATCTTTGGATG
OKe350_3R,B02,Oke_RDDFW97566_28_R,CGACAGGTTCAGAGTTCTACAGTCCGACGATCGCCTGCAAGCAGTAAACACA
OKe350_3R,B03,Oke_RDDFW96549_63_R,CGACAGGTTCAGAGTTCTACAGTCCGACGATCGGACGGCTTTGTTGACCA
OKe350_3R,B04,Oke_RDDFW93115_22_R,CGACAGGTTCAGAGTTCTACAGTCCGACGATCTCAGGAGAGTCATGGGTGGT
OKe350_3R,B05,Oke_RDDFW92671_68_R,CGACAGGTTCAGAGTTCTACAGTCCGACGATCTCTGGGCCGATTAATCATTG
OKe350_3R,B06,Oke_RDDFW98640_53_R,CGACAGGTTCAGAGTTCTACAGTCCGACGATCTGCAGGTTTTGTCAGTGGC
OKe350_3R,B07,Oke_RDDFW97971_30_R,CGACAGGTTCAGAGTTCTACAGTCCGACGATCTGGGAGAAGACACAACCACA
OKe350_3R,B08,Oke_RDDFW91049_44_R,CGACAGGTTCAGAGTTCTACAGTCCGACGATCTGGTTACCCACTGAGCTGTTC
OKe350_3R,B09,Oke_RDDFW94768_76_R,GTGACTGGAGTTCAGACGTGTGCTCTTCCGATCTCCACTGTGACATTTCAGCACA
OKe350_3R,B10,Oke_RDDFW10186_42_R,GTGACTGGAGTTCAGACGTGTGCTCTTCCGATCTTGTGTCTGTGAGCTGACGTTT
OKe350_3R,B11,Oke_RDDFW112_17_R,GTGACTGGAGTTCAGACGTGTGCTCTTCCGATCTCCATTTTGGCACAGGACGTT
OKe350_3R,B12,Oke_RDDFW13161_74_R,GTGACTGGAGTTCAGACGTGTGCTCTTCCGATCTGGCATCCCAGCTACTAGCAA
OKe350_3R,C01,Oke_RDDFW13803_76_R,GTGACTGGAGTTCAGACGTGTGCTCTTCCGATCTGGGTTATCGGACGTTAGTCG
OKe350_3R,C02,Oke_RDDFW14498_66_R,GTGACTGGAGTTCAGACGTGTGCTCTTCCGATCTCCTTTCGCACAGGTTTTACA
OKe350_3R,C03,Oke_RDDFW14591_59_R,GTGACTGGAGTTCAGACGTGTGCTCTTCCGATCTAAAGAAGAAAGGATCTCATCCAGA
OKe350_3R,C04,Oke_RDDFW14903_53_R,GTGACTGGAGTTCAGACGTGTGCTCTTCCGATCTTGTGGAAAAAGTCAAGGGGTA
OKe350_3R,C05,Oke_RDDFW15717_46_R,GTGACTGGAGTTCAGACGTGTGCTCTTCCGATCTTTGCACCTGAGAGAAAGCAA
OKe350_3R,C06,Oke_RDDFW16518_29_R,GTGACTGGAGTTCAGACGTGTGCTCTTCCGATCTGGCGGAGCGTAACTATGATG
OKe350_3R,C07,Oke_RDDFW16781_68_R,GTGACTGGAGTTCAGACGTGTGCTCTTCCGATCTCAAAGGCACCCTAATCTCCA
OKe350_3R,C08,Oke_RDDFW16886_37_R,GTGACTGGAGTTCAGACGTGTGCTCTTCCGATCTTCCACAGTGATCAATGCCTTA
OKe350_3R,C09,Oke_RDDFW17423_60_R,GTGACTGGAGTTCAGACGTGTGCTCTTCCGATCTGGCAGAGGTACTGGAGAGGA
OKe350_3R,C10,Oke_RDDFW17478_56_R,GTGACTGGAGTTCAGACGTGTGCTCTTCCGATCTGAGTTCCTGCTGCGTCTCC
OKe350_3R,C11,Oke_RDDFW18411_78_R,GTGACTGGAGTTCAGACGTGTGCTCTTCCGATCTTTGGGTGCCTATGAACAACA
OKe350_3R,C12,Oke_RDDFW19534_51_R,GTGACTGGAGTTCAGACGTGTGCTCTTCCGATCTGACTGCTCTCTCCCAACTCG
OKe350_3R,D01,Oke_RDDFW19665_62_R,GTGACTGGAGTTCAGACGTGTGCTCTTCCGATCTCGTACAGCTGGTGCAGGAT
OKe350_3R,D02,Oke_RDDFW19805_61_R,GTGACTGGAGTTCAGACGTGTGCTCTTCCGATCTCTGGGTTTTAGGTCGGTTGA
OKe350_3R,D03,Oke_RDDFW19807_50_R,GTGACTGGAGTTCAGACGTGTGCTCTTCCGATCTTTGTAGAACAAACAGCTTCGAG
OKe350_3R,D04,Oke_RDDFW19817_73_R,GTGACTGGAGTTCAGACGTGTGCTCTTCCGATCTGCGATTATTGCCCTCAACAG
OKe350_3R,D05,Oke_RDDFW19905_31_R,GTGACTGGAGTTCAGACGTGTGCTCTTCCGATCTCAAAGGTCAGGGTGAATCAGA
OKe350_3R,D06,Oke_RDDFW20179_61_R,GTGACTGGAGTTCAGACGTGTGCTCTTCCGATCTCCATGCTTAACCTGGACACA
OKe350_3R,D07,Oke_RDDFW20811_77_R,GTGACTGGAGTTCAGACGTGTGCTCTTCCGATCTTTTCCTGTGTGTTCGCTACA
OKe350_3R,D08,Oke_RDDFW20999_31_R,GTGACTGGAGTTCAGACGTGTGCTCTTCCGATCTTCCATGTGTATGTGTGTGTAGAGC
OKe350_3R,D09,Oke_RDDFW21285_59_R,GTGACTGGAGTTCAGACGTGTGCTCTTCCGATCTAGACCCAGGCTCTGATCACT
OKe350_3R,D10,Oke_RDDFW21890_73_R,GTGACTGGAGTTCAGACGTGTGCTCTTCCGATCTTGATGCAGCCTGTCAACAT
OKe350_3R,D11,Oke_RDDFW23444_56_R,GTGACTGGAGTTCAGACGTGTGCTCTTCCGATCTAAAATGAGCCTGGCCAAAAT
OKe350_3R,D12,Oke_RDDFW24615_60_R,GTGACTGGAGTTCAGACGTGTGCTCTTCCGATCTGAGACGTGTCGGGGAGTAAA
OKe350_3R,E01,Oke_RDDFW24690_58_R,GTGACTGGAGTTCAGACGTGTGCTCTTCCGATCTTGGTGTCTTCACAGCGTAATG
OKe350_3R,E02,Oke_RDDFW25476_76_R,GTGACTGGAGTTCAGACGTGTGCTCTTCCGATCTCCAAGTGTCTATGCAAGATCAGA
OKe350_3R,E03,Oke_RDDFW25539_63_R,GTGACTGGAGTTCAGACGTGTGCTCTTCCGATCTCTGGCCAGGCATGAGTGA
OKe350_3R,E04,Oke_RDDFW27843_66_R,GTGACTGGAGTTCAGACGTGTGCTCTTCCGATCTCTTTTGACCAGGGCCCATA
OKe350_3R,E05,Oke_RDDFW28182_57_R,GTGACTGGAGTTCAGACGTGTGCTCTTCCGATCTGTCGTTCAACAAGGGCTCAG
OKe350_3R,E06,Oke_RDDFW28560_20_R,GTGACTGGAGTTCAGACGTGTGCTCTTCCGATCTAATGCGAAGGAAGCAGGAG
OKe350_3R,E07,Oke_RDDFW29139_38_R,GTGACTGGAGTTCAGACGTGTGCTCTTCCGATCTGGTCTGGGAATCAGAGATGG
OKe350_3R,E08,Oke_RDDFW29994_56_R,GTGACTGGAGTTCAGACGTGTGCTCTTCCGATCTTTTCCTTCTTGGCGATCCTA
OKe350_3R,E09,Oke_RDDFW30681_49_R,GTGACTGGAGTTCAGACGTGTGCTCTTCCGATCTACCCCCAAGGGAGACTCTTA
OKe350_3R,E10,Oke_RDDFW32214_64_R,GTGACTGGAGTTCAGACGTGTGCTCTTCCGATCTTCCATTGCCCTGAAAATACC
OKe350_3R,E11,Oke_RDDFW35061_72_R,GTGACTGGAGTTCAGACGTGTGCTCTTCCGATCTCGTGTGCTCTTCCGATCTCT
OKe350_3R,E12,Oke_RDDFW36545_52_R,GTGACTGGAGTTCAGACGTGTGCTCTTCCGATCTCCCAGCCAAACAGAATGC
OKe350_3R,F01,Oke_RDDFW36920_78_R,GTGACTGGAGTTCAGACGTGTGCTCTTCCGATCTGGTGTGATGCTGGTGTCAAG
OKe350_3R,F02,Oke_RDDFW37304_51_R,GTGACTGGAGTTCAGACGTGTGCTCTTCCGATCTAGCCAATCACAGGAGAAGGA
OKe350_3R,F03,Oke_RDDFW37547_71_R,GTGACTGGAGTTCAGACGTGTGCTCTTCCGATCTAAAGCTCATGAAGCCCTGTG
OKe350_3R,F04,Oke_RDDFW37906_35_R,GTGACTGGAGTTCAGACGTGTGCTCTTCCGATCTTGATTTCACACTCAAACAATCTGA
OKe350_3R,F05,Oke_RDDFW37977_64_R,GTGACTGGAGTTCAGACGTGTGCTCTTCCGATCTCGACAAGTTGCTATTTTGTTAGC
OKe350_3R,F06,Oke_RDDFW38189_70_R,GTGACTGGAGTTCAGACGTGTGCTCTTCCGATCTAATGTTGCTGCAGCGGAG
OKe350_3R,F07,Oke_RDDFW38998_48_R,GTGACTGGAGTTCAGACGTGTGCTCTTCCGATCTACTCTTCGCTGGCTACTCCA
OKe350_3R,F08,Oke_RDDFW39056_71_R,GTGACTGGAGTTCAGACGTGTGCTCTTCCGATCTGAATACTTTCGCAAGGCACTG
OKe350_3R,F09,Oke_RDDFW39550_74_R,GTGACTGGAGTTCAGACGTGTGCTCTTCCGATCTACGTGTGCTCTTCCGATCTC
OKe350_3R,F10,Oke_RDDFW41741_28_R,GTGACTGGAGTTCAGACGTGTGCTCTTCCGATCTTTTGAAAATAATCTGTGGGACAA
OKe350_3R,F11,Oke_RDDFW41894_64_R,GTGACTGGAGTTCAGACGTGTGCTCTTCCGATCTGAAGGCACAGGGATGTGATT
OKe350_3R,F12,Oke_RDDFW41968_67_R,GTGACTGGAGTTCAGACGTGTGCTCTTCCGATCTCATGAGACATGGGACCAACA
OKe350_3R,G01,Oke_RDDFW44691_36_R,GTGACTGGAGTTCAGACGTGTGCTCTTCCGATCTTGTCACTACAGGGCAACCTCT
OKe350_3R,G02,Oke_RDDFW45450_75_R,GTGACTGGAGTTCAGACGTGTGCTCTTCCGATCTACGTTCCCCTGTCACAAAAT
OKe350_3R,G03,Oke_RDDFW46094_46_R,GTGACTGGAGTTCAGACGTGTGCTCTTCCGATCTTCTATTGGGCAAAGCAGAGG
OKe350_3R,G04,Oke_RDDFW4669_39_R,GTGACTGGAGTTCAGACGTGTGCTCTTCCGATCTGCACCTAATGGCATTTGCTAAC
OKe350_3R,G05,Oke_RDDFW46886_62_R,GTGACTGGAGTTCAGACGTGTGCTCTTCCGATCTTGAACACTGCCTGGAATTGA
OKe350_3R,G06,Oke_RDDFW47500_38_R,GTGACTGGAGTTCAGACGTGTGCTCTTCCGATCTCCTGCATCTGTCGGTGAGT
OKe350_3R,G07,Oke_RDDFW47666_40_R,GTGACTGGAGTTCAGACGTGTGCTCTTCCGATCTGTCCAGGGGGATGGACAC
OKe350_3R,G08,Oke_RDDFW47763_68_R,GTGACTGGAGTTCAGACGTGTGCTCTTCCGATCTCTTCGAAGTTGACCTCTGACC
OKe350_3R,G09,Oke_RDDFW47838_76_R,GTGACTGGAGTTCAGACGTGTGCTCTTCCGATCTGGGCACTTCAGGTATCTCCTC
OKe350_3R,G10,Oke_RDDFW48220_71_R,GTGACTGGAGTTCAGACGTGTGCTCTTCCGATCTGAGCTGGACTCGCTCATCAC
OKe350_3R,G11,Oke_RDDFW48558_66_R,GTGACTGGAGTTCAGACGTGTGCTCTTCCGATCTCAGAGCCCTATGGGTTGAAT
OKe350_3R,G12,Oke_RDDFW48576_24_R,GTGACTGGAGTTCAGACGTGTGCTCTTCCGATCTCCGCAAGGTGACAGTAACG
OKe350_3R,H01,Oke_RDDFW48705_55_R,GTGACTGGAGTTCAGACGTGTGCTCTTCCGATCTGCCACGTTGTAGCAGCATAA
OKe350_3R,H02,Oke_RDDFW49372_62_R,GTGACTGGAGTTCAGACGTGTGCTCTTCCGATCTATGGCAGACAGCAGTGGTT
OKe350_3R,H03,Oke_RDDFW50553_28_R,GTGACTGGAGTTCAGACGTGTGCTCTTCCGATCTGGCCCCTATGTCAGACCAGT
OKe350_3R,H04,Oke_RDDFW50712_39_R,GTGACTGGAGTTCAGACGTGTGCTCTTCCGATCTAGGTGTGGAATTCCTGGACA
OKe350_3R,H05,Oke_RDDFW51270_33_R,GTGACTGGAGTTCAGACGTGTGCTCTTCCGATCTCCATTTTGGTTGCCTCAGAT
OKe350_3R,H06,Oke_RDDFW51705_44_R,GTGACTGGAGTTCAGACGTGTGCTCTTCCGATCTGATGCCGAGGGCCTTCAAAA
OKe350_3R,H07,Oke_RDDFW52567_35_R,GTGACTGGAGTTCAGACGTGTGCTCTTCCGATCTGCGAACTTAAAGAGGGGTCA
OKe350_3R,H08,Oke_RDDFW52773_67_R,GTGACTGGAGTTCAGACGTGTGCTCTTCCGATCTGTGTTTTCCCCCACTAAAGG
OKe350_3R,H09,Oke_RDDFW53380_67_R,GTGACTGGAGTTCAGACGTGTGCTCTTCCGATCTCAAATTGTTGTAGCGAATTGTTAG
OKe350_3R,H10,Oke_RDDFW54241_69_R,GTGACTGGAGTTCAGACGTGTGCTCTTCCGATCTGCTCGTCTCTCTCACGCTTT
OKe350_3R,H11,Oke_RDDFW57028_36_R,GTGACTGGAGTTCAGACGTGTGCTCTTCCGATCTTGAGACAAATGGGAGCACTG
OKe350_3R,H12,Oke_RDDFW57213_78_R,GTGACTGGAGTTCAGACGTGTGCTCTTCCGATCTCGCTCCAAGAACAATCCATC
OKe350_4R,A01,Oke_RDDFW58551_52_R,GTGACTGGAGTTCAGACGTGTGCTCTTCCGATCTTCTTCTTTCTGCTGGCATCC
OKe350_4R,A02,Oke_RDDFW58967_48_R,GTGACTGGAGTTCAGACGTGTGCTCTTCCGATCTCGGTAGCACCAATTTCAACA
OKe350_4R,A03,Oke_RDDFW59084_41_R,GTGACTGGAGTTCAGACGTGTGCTCTTCCGATCTCGTGATAAATTGGATAGCAGGT
OKe350_4R,A04,Oke_RDDFW59113_30_R,GTGACTGGAGTTCAGACGTGTGCTCTTCCGATCTGCCCACCCATTTACGAGGTA
OKe350_4R,A05,Oke_RDDFW6089_75_R,GTGACTGGAGTTCAGACGTGTGCTCTTCCGATCTTTACTTTCACCCCTGCCAAT
OKe350_4R,A06,Oke_RDDFW61097_36_R,GTGACTGGAGTTCAGACGTGTGCTCTTCCGATCTCTATCAAGCATCAAGCAACG
OKe350_4R,A07,Oke_RDDFW61270_26_R,GTGACTGGAGTTCAGACGTGTGCTCTTCCGATCTTGCAACTCACTCAAGTGGAAG
OKe350_4R,A08,Oke_RDDFW61351_74_R,GTGACTGGAGTTCAGACGTGTGCTCTTCCGATCTCGCCGAACAGGTCCCAG
OKe350_4R,A09,Oke_RDDFW61394_55_R,GTGACTGGAGTTCAGACGTGTGCTCTTCCGATCTTGTAGTCAAGGTGGGCATCC
OKe350_4R,A10,Oke_RDDFW62184_66_R,GTGACTGGAGTTCAGACGTGTGCTCTTCCGATCTTCTCTTTCTCTCTCTCTCATAACTCC
OKe350_4R,A11,Oke_RDDFW63326_23_R,GTGACTGGAGTTCAGACGTGTGCTCTTCCGATCTATGTTTTAGCGCCACTCACC
OKe350_4R,A12,Oke_RDDFW63766_37_R,GTGACTGGAGTTCAGACGTGTGCTCTTCCGATCTGCACAATTGGTGGCTGACTA
OKe350_4R,B01,Oke_RDDFW64078_73_R,GTGACTGGAGTTCAGACGTGTGCTCTTCCGATCTTCACATCACAGCCCTGGTTA
OKe350_4R,B02,Oke_RDDFW64969_46_R,GTGACTGGAGTTCAGACGTGTGCTCTTCCGATCTTGCCTCCATATAGCGTAAAAGC
OKe350_4R,B03,Oke_RDDFW65679_48_R,GTGACTGGAGTTCAGACGTGTGCTCTTCCGATCTGCCTCTTAGAGAGGAGGGAGT
OKe350_4R,B04,Oke_RDDFW65809_61_R,GTGACTGGAGTTCAGACGTGTGCTCTTCCGATCTCCACTTTCTCCTACTATATCATCACC
OKe350_4R,B05,Oke_RDDFW65817_59_R,GTGACTGGAGTTCAGACGTGTGCTCTTCCGATCTCTGGGAAAGCTTGGGTGTGT
OKe350_4R,B06,Oke_RDDFW6606_46_R,GTGACTGGAGTTCAGACGTGTGCTCTTCCGATCTGAAGAAGATCTGCAGGGCTGG
OKe350_4R,B07,Oke_RDDFW66307_18_R,GTGACTGGAGTTCAGACGTGTGCTCTTCCGATCTCAAGCTGAGACTCACCGGC
OKe350_4R,B08,Oke_RDDFW66740_41_R,GTGACTGGAGTTCAGACGTGTGCTCTTCCGATCTCAGGCTCATTAACGGCCTACT
OKe350_4R,B09,Oke_RDDFW67033_73_R,GTGACTGGAGTTCAGACGTGTGCTCTTCCGATCTCACACAGAGACAGAGCGAGGT
OKe350_4R,B10,Oke_RDDFW6714_54_R,GTGACTGGAGTTCAGACGTGTGCTCTTCCGATCTTCTGTAGCAGAGCTGGGTCTC
OKe350_4R,B11,Oke_RDDFW67894_45_R,GTGACTGGAGTTCAGACGTGTGCTCTTCCGATCTTTTTTGGAAGGCCTCCTGTA
OKe350_4R,B12,Oke_RDDFW68590_61_R,GTGACTGGAGTTCAGACGTGTGCTCTTCCGATCTGATGCAGGTGATGACTCCAA
OKe350_4R,C01,Oke_RDDFW6872_56_R,GTGACTGGAGTTCAGACGTGTGCTCTTCCGATCTAGAACTCGCACACCTTTTGG
OKe350_4R,C02,Oke_RDDFW69367_28_R,GTGACTGGAGTTCAGACGTGTGCTCTTCCGATCTAGCTGTCATTCTATGGCAAACC
OKe350_4R,C03,Oke_RDDFW69501_76_R,GTGACTGGAGTTCAGACGTGTGCTCTTCCGATCTTTGTTCTTCATGCTGGAGCTA
OKe350_4R,C04,Oke_RDDFW69741_55_R,GTGACTGGAGTTCAGACGTGTGCTCTTCCGATCTTGACATGTTTTATATTGTAGGCTGTC
OKe350_4R,C05,Oke_RDDFW69778_62_R,GTGACTGGAGTTCAGACGTGTGCTCTTCCGATCTTGGAACTTTGTATCCAATCACTG
OKe350_4R,C06,Oke_RDDFW69792_54_R,GTGACTGGAGTTCAGACGTGTGCTCTTCCGATCTGCACCTGGGTCTTACCTTCA
OKe350_4R,C07,Oke_RDDFW70556_28_R,GTGACTGGAGTTCAGACGTGTGCTCTTCCGATCTTCATGATGGGTGTTTTGTCC
OKe350_4R,C08,Oke_RDDFW70829_40_R,GTGACTGGAGTTCAGACGTGTGCTCTTCCGATCTGTCCTCCGACAGCACAGAG
OKe350_4R,C09,Oke_RDDFW70902_20_R,GTGACTGGAGTTCAGACGTGTGCTCTTCCGATCTAGCACAGCTTCTCCCTTTGT
OKe350_4R,C10,Oke_RDDFW71171_55_R,GTGACTGGAGTTCAGACGTGTGCTCTTCCGATCTACATGGAACAGCATGTCAGG
OKe350_4R,C11,Oke_RDDFW71319_78_R,GTGACTGGAGTTCAGACGTGTGCTCTTCCGATCTAAGACGAAAATGCAAACGAGA
OKe350_4R,C12,Oke_RDDFW71747_19_R,GTGACTGGAGTTCAGACGTGTGCTCTTCCGATCTGTCAGCTGGTTGACCTCCAT
OKe350_4R,D01,Oke_RDDFW71866_73_R,GTGACTGGAGTTCAGACGTGTGCTCTTCCGATCTGGGAATCACTCCCCTTACG
OKe350_4R,D02,Oke_RDDFW72082_30_R,GTGACTGGAGTTCAGACGTGTGCTCTTCCGATCTGCTGACCGTACCAGTGCTAA
OKe350_4R,D03,Oke_RDDFW72091_54_R,GTGACTGGAGTTCAGACGTGTGCTCTTCCGATCTGGTGAAGTGAATTCTGCAGTGA
OKe350_4R,D04,Oke_RDDFW72178_38_R,GTGACTGGAGTTCAGACGTGTGCTCTTCCGATCTTGTTTGTCACCAGAGCAGGA
OKe350_4R,D05,Oke_RDDFW72464_65_R,GTGACTGGAGTTCAGACGTGTGCTCTTCCGATCTGGCCTAGCTTTTAGTCAGAACC
OKe350_4R,D06,Oke_RDDFW72515_22_R,GTGACTGGAGTTCAGACGTGTGCTCTTCCGATCTGGTGTGTTTGTGTGGGTTTTC
OKe350_4R,D07,Oke_RDDFW72580_61_R,GTGACTGGAGTTCAGACGTGTGCTCTTCCGATCTGAAGCGGGATTCGTGACATA
OKe350_4R,D08,Oke_RDDFW73626_31_R,GTGACTGGAGTTCAGACGTGTGCTCTTCCGATCTAGGCACAAGGCAAAATTGGT
OKe350_4R,D09,Oke_RDDFW73828_41_R,GTGACTGGAGTTCAGACGTGTGCTCTTCCGATCTCCTTGGTTACAACCGCTCTC
OKe350_4R,D10,Oke_RDDFW74107_70_R,GTGACTGGAGTTCAGACGTGTGCTCTTCCGATCTGAGAAGACGAGATGGTGTCTGA
OKe350_4R,D11,Oke_RDDFW75268_70_R,GTGACTGGAGTTCAGACGTGTGCTCTTCCGATCTTGCATCGCTGTAGCACTCC
OKe350_4R,D12,Oke_RDDFW75348_40_R,GTGACTGGAGTTCAGACGTGTGCTCTTCCGATCTTCCAGCCTCACTTGTCCTG
OKe350_4R,E01,Oke_RDDFW76878_51_R,GTGACTGGAGTTCAGACGTGTGCTCTTCCGATCTCTGCCCAATTAACCCAGAAG
OKe350_4R,E02,Oke_RDDFW78157_36_R,GTGACTGGAGTTCAGACGTGTGCTCTTCCGATCTCCATCACGTCCAGCTCATTA
OKe350_4R,E03,Oke_RDDFW78789_24_R,GTGACTGGAGTTCAGACGTGTGCTCTTCCGATCTTGGCTACAGTGGGCTTCTCT
OKe350_4R,E04,Oke_RDDFW80059_43_R,GTGACTGGAGTTCAGACGTGTGCTCTTCCGATCTGGATGACTCAGCCCTGTCAC
OKe350_4R,E05,Oke_RDDFW80154_68_R,GTGACTGGAGTTCAGACGTGTGCTCTTCCGATCTTTTGTCATGACTTGCCCTTTT
OKe350_4R,E06,Oke_RDDFW80662_52_R,GTGACTGGAGTTCAGACGTGTGCTCTTCCGATCTCGGTTTCTGACAGTTTGTGC
OKe350_4R,E07,Oke_RDDFW89343_75_R,GTGACTGGAGTTCAGACGTGTGCTCTTCCGATCTTTTCCCTCGCTAATTCCCTA
OKe350_4R,E08,Oke_RDDFW89357_49_R,GTGACTGGAGTTCAGACGTGTGCTCTTCCGATCTACCTGCTATTTCAGCCCAAT
OKe350_4R,E09,Oke_RDDFW89443_55_R,GTGACTGGAGTTCAGACGTGTGCTCTTCCGATCTCACAGCTAAAGTTAGAGGTTTCCT
OKe350_4R,E10,Oke_RDDFW90259_25_R,GTGACTGGAGTTCAGACGTGTGCTCTTCCGATCTTTCAGTCCAGCCCAAAACTC
OKe350_4R,E11,Oke_RDDFW90437_74_R,GTGACTGGAGTTCAGACGTGTGCTCTTCCGATCTGAGGGGGAGTGAGCAAGTG
OKe350_4R,E12,Oke_RDDFW9156_37_R,GTGACTGGAGTTCAGACGTGTGCTCTTCCGATCTGGGCTGTGATTGGATAAGGA
OKe350_4R,F01,Oke_RDDFW945_50_R,GTGACTGGAGTTCAGACGTGTGCTCTTCCGATCTCAGCAGAGACACCCATGAGA
OKe350_4R,F02,Oke_RDDFW9886_52_R,GTGACTGGAGTTCAGACGTGTGCTCTTCCGATCTCTTCTTTAGGGGCTGGGTGG
OKe350_4R,F03,EMPTY,EMPTY
OKe350_4R,F04,EMPTY,EMPTY
OKe350_4R,F05,EMPTY,EMPTY
OKe350_4R,F06,EMPTY,EMPTY
OKe350_4R,F07,EMPTY,EMPTY
OKe350_4R,F08,EMPTY,EMPTY
OKe350_4R,F09,EMPTY,EMPTY
OKe350_4R,F10,EMPTY,EMPTY
OKe350_4R,F11,EMPTY,EMPTY
OKe350_4R,F12,EMPTY,EMPTY
OKe350_4R,G01,EMPTY,EMPTY
OKe350_4R,G02,EMPTY,EMPTY
OKe350_4R,G03,EMPTY,EMPTY
OKe350_4R,G04,EMPTY,EMPTY
OKe350_4R,G05,EMPTY,EMPTY
OKe350_4R,G06,EMPTY,EMPTY
OKe350_4R,G07,EMPTY,EMPTY
OKe350_4R,G08,EMPTY,EMPTY
OKe350_4R,G09,EMPTY,EMPTY
OKe350_4R,G10,EMPTY,EMPTY
OKe350_4R,G11,EMPTY,EMPTY
OKe350_4R,G12,EMPTY,EMPTY
OKe350_4R,H01,EMPTY,EMPTY
OKe350_4R,H02,EMPTY,EMPTY
OKe350_4R,H03,EMPTY,EMPTY
OKe350_4R,H04,EMPTY,EMPTY
OKe350_4R,H05,EMPTY,EMPTY
OKe350_4R,H06,EMPTY,EMPTY
OKe350_4R,H07,EMPTY,EMPTY
OKe350_4R,H08,EMPTY,EMPTY
OKe350_4R,H09,EMPTY,EMPTY
OKe350_4R,H10,EMPTY,EMPTY
OKe350_4R,H11,EMPTY,EMPTY
OKe350_4R,H12,EMPTY,EMPTY
