Oke_RAD2812_43,A,T,CTAGTTCCTCTCTACTTCCA,CTAGTTCCTCTCTTCTTCCA,CCCACCCTGGACAGAGATAAAG,0.25,0
Oke_RAD3143_30,A,G,CAACAGTAGTAGGCTTGATTACC,CAACAGTAGTAGGCTCGATTACC,GCAGGCTGTCTCGTCATTGTT,2,0
Oke_CO1A1_72,G,A,TGTGCTACTATGTTGTCGTTC,TGCTACTATGTTGTCATTC,CTGTCAATGGAGGGTGATCGAAAT,0,1.5
Oke_RAD2772_76,A,G,CTTCTGGCAGTGTTCATA,CTGGCAGCGTTCATA,AGAATGACTATCAACAGCCCTAGGT,0,0.25
Oke_U509_219,C,T,CCTCTCTGCAGGGCT,CCCTCTCTACAGGGCT,GCACCCCACCTGGCTT,0,0.75
Oke_KPNA2_87,T,A,ACAGAACAGAAACAGTG,AACAGAACAGTAACAGTG,AGGCAGCCAGGTAAGTCAGTA,0,0
Oke_RDDFW50712_39,C,T,AATCACCTTGT,AATCATCTTGT,TCCTCCTGCAGCTGTAAGTT,0,0
Oke_RDDFW80059_43,A,G,CACAGGTACTACTGACTGACTGTGGAAGGGAGCAGCAATGGAGCGTGACAG,CACAGGTACTACTGACTGACTGTGGGAGGGAGCAGCAATGGAGCGTGACAG,TGCAGGAGAGCTACCAGACA,0,0
Oke_U1028_100,A,C,ATAAATTGTGAAGCAGAGGAGTTGAC,ATAAATTGTGAAGCCGAGGAGTTGAC,CCTACTATTTCAGAGGCTTGACACA,0,0
Oke_RDDFW61270_26,C,T,GTTTTCAAGCT,GTTTTTAAGCT,CAGGGAACAATGAGGGATTG,0,0
Oke_RDDFW47500_38,A,G,ACAGAAACTCA,ACAGAGACTCA,GGGTGGCTACGATGTACAGA,0,0
Oke_RAD8018_38,C,T,ATGTCACTGGGCTAAC,ATGTCACTGAGCTAAC,ACTGTAGGTCCCCGAGAGAAG,0,0
Oke_RDDFW41894_64,C,T,CCTCCCAAATC,CCTCCTAAATC,TGCAGGTGGATACCTCTGA,0,0
Oke_RDDFW73626_31,C,T,GTCATCACAAC,GTCATTACAAC,GGCAAAGTCGGGTTGAGAT,0,0.25
Oke_RDDFW41741_28,C,T,ACAGACGACTT,ACAGATGACTT,GGAGTTGGCGGTCAGACA,0,0
Oke_RAD905_85,C,G,CAGTGCATGTCCTCCTCGTGG,CAGTGCATCTCCTCCTCGTGG,TCTCACAACAAAAACTGGCAAATCTG,0,0
Oke_RDDFW58967_48,A,G,AGGGCAGTGTT,AGGGCGGTGTT,AAGTGGATTCCATGCAACTG,0,0
Oke_RDDFW76878_51,A,G,CCACACATTGGTACTTCTGGGTTAATT,CCACACATTGGTGCTTCTGGGTTAATT,ACGGTGTTTCCTCCACACAT,0,0
Oke_RDDFW53380_67,A,T,TCTCTATGTCT,TCTCTTTGTCT,TCTTTTGTCAGTGGTGGATGA,0,0
Oke_RDDFW69501_76,A,C,TGTGGAGCTAG,TGTGGCGCTAG,GTGTGTTGGAAAGCTGCTCA,0,0
Oke_RDDFW72580_61,A,C,TCCCAATTCCT,TCCCACTTCCT,TCTTATCCCTCTTGTAATTCTTCC,0,0
Oke_U2005_62,A,G,TGACTGACTGCATAGTTGT,ACTGACTGCGTAGTTGT,GTACAGCAGAGACTAAAGCTATACAACA,0,0
Oke_RAD369_38,A,T,AAGACCATCACTTTTGCCTG,ACCATCACTATTGCCTG,GGGCAGTGTCCTACAAG,0,0
Oke_RAD3907_37,A,C,CCCCTCTGACTTTTATCAA,CCCTCTGACTTGTATCAA,AATGCCGCCTCCACACA,0,0
Oke_RDDFW70902_20,G,T,TGAGAGACAAA,TGAGATACAAA,CAGGCCGGAAGACTGAGA,0,0
Oke_RDDFW72178_38,C,T,CAAGACGCTTT,CAAGATGCTTT,TGCAGGACTTTGTTCCTCTT,0,0
Oke_RDDFW90259_25,A,G,GCAGTAGCCCC,GCAGTGGCCCC,CAGGTGCGTTTGACCACTG,0,0
Oke_RAD16205_61,A,G,CATCAGTGCCACCCCCA,TCAGTGCCGCCCCCA,GCACCTCCCAATGGCTTTCT,0,0
Oke_RDDFW37906_35,A,G,ACCTGATGAGA,ACCTGGTGAGA,TGGAAACCCTGGTCTAGTGG,0,0
Oke_RDDFW50553_28,C,T,CAAGGCCCCTG,CAAGGTCCCTG,CAGGGTGGATGGCTCCAG,0,0.35
Oke_RDDFW71747_19,C,T,ACAGCGTGCTACGCTGAACAGCTGGAG,ACAGCGTGCTATGCTGAACAGCTGGAG,GCAGGACACAGCGTGCTA,0,1
Oke_RDDFW45450_75,A,G,AACATACTTTT,AACATGCTTTT,AAATTCCATGTGTGAGGAACA,0,0
Oke_ndub3_58,C,T,CAGCATCACGTCTCCCA,CAGCATCACATCTCCCA,GAGGCTTCAGTCGTCCTGTATC,0,0
Oke_RDDFW13803_76,A,G,CTGCAAAGTGC,CTGCAGAGTGC,TTCCTTGCTGTCATCTCTGC,0,0
Oke_RDDFW47666_40,G,T,GCCGGGGTGTC,GCCGGTGTGTC,TAAGAAGCCCAAGGCAGGAG,0,0
Oke_RAD12377_41,C,G,ATGTGGCTGTCCTTC,ATGTGGCTCTCCTTC,TGCAGGTCCTGGTATACATCTG,0,0
Oke_RAD14962_45,C,T,TTGACCGCTCTTTCTGT,TTGACCGCTTTTTCTGT,TGCTGGATGTGCTCAGACAA,0,0
Oke_RDDFW37977_64,A,T,TAGCTAGCTAA,TAGCTTGCTAA,CATCCCAGAGGAACAGAGGA,0,0
Oke_RDDFW92495_48,C,T,AAGGCCGCTC,AAGGCTGCTC,ATGGAGAGTGGGTGCAGAAA,0,0
Oke_RDDFW63326_23,C,G,CGTTACGGGGT,CGTTAGGGGGT,TGCAGGTTTTAACTCTCACGTT,0,0
Oke_RDDFW37547_71,A,C,CTGGGATCTCA,CTGGGCTCTCA,TGGGATCTGACTGGAACCTC,0,0
Oke_RDDFW61394_55,A,G,TAGCTACCTTC,TAGCTGCCTTC,TGCAGGCTTCAAGTAAAGTGTT,0,0
Oke_RDDFW63766_37,A,G,AAAAAATATTT,AAAAAGTATTT,TGCAGGGGTCTGTGTCTATG,0,0.25
Oke_RDDFW90437_74,A,G,TTCCCAGAAGT,TTCCCGGAAGT,ATTCCAGCCAGTGGTTGTGT,0,0
Oke_U2034_55,C,T,ATGTCAAATCACGCTGATG,ATGTCAAATCACACTGATG,GGGAAGAAAAGCCTACCATAAACAG,0,0
Oke_RAD7431_40,G,T,CCTGACCCCAACCAA,CCTGACCCAAACCAA,GTGCTCTATTTCTGAGTTGGTGTGA,0,0
Oke_RAD8930_48,G,T,TGAAGGTGGTGGAATTA,TGAAGGTGTTGGAATTA,GCTCGACCTTATTCATGGTTTCCT,0,0
Oke_RDDFW36920_78,C,G,CAACACACGCA,CAACAGACGCA,CGCACCATTGCTAACAAAAC,0,0
Oke_RDDFW46886_62,C,G,CGACTCGTCAA,CGACTGGTCAA,GTCTCAGGGCCACCTTTTT,0,0
Oke_RAD4875_62,A,C,CTGAAATACACAATTTCT,CTGAAATACACCATTTCT,GTTCGTTGCAATCGAGTCAATAGTG,0,0
Oke_RDDFW16781_68,C,T,TTCTACACATT,TTCTATACATT,TTCCAGTCCTGGTGTGGTCT,0,0
Oke_RDDFW71866_73,C,G,CAGTCTGTCAAGGGGACCGTAAGGGGAG,CAGTCTGTCAAGGGGAGCGTAAGGGGAG,GGCTGGTAGATTTCCTGAAGC,0,0.5
Oke_RDDFW98640_53,C,T,ATGGGCTGACA,ATGGGTTGACA,TCTGGGCCGATTAATCATTG,0,0
Oke_U1017_52,C,T,AGAGAGTTGTCGTTCATC,AGAGAGTTGTCATTCATC,TGGCAATGGGATGTCAAGTTATGA,0,0
Oke_RAD17085_70,A,G,CTGCCTGTATAACCAAG,CTGCCTGTATGACCAAG,CAGGAGGAAGGCATTATCGTTAGTG,0,0
Oke_RDDFW46094_46,G,T,GGATTGACCTC,GGATTTACCTC,GCAGGGTAGATGCATGATGA,0,0
Oke_RDDFW67894_45,G,T,CTGCTGGGATG,CTGCTTGGATG,GCAGGAAAGGGATCTGGAG,0,0
Oke_RDDFW75268_70,A,G,GAAACATTGCT,GAAACGTTGCT,AAGTGTCCGTCTCATTACATTGTC,0,0
Oke_RDDFW78789_24,C,T,GCATCCGGGCT,GCATCTGGGCT,GTATGTGGTGCGGAGCATC,0,0
Oke_txnrd1_74,A,G,CTAGGACCGATGTCCCT,TAGGACCGACGTCCCT,CACCCCATGTGCCTTTGGA,0,0
Oke_RDDFW19805_61,G,T,TTGAGTGCTGCATCATGACCGGGCCT,TTGAGTGCTGCATCATGACCTGGCCT,AGAGGGATTGAGTGCTGCAT,0,0
Oke_RDDFW28560_20,C,G,TCCAGCAGGTC,TCCAGGAGGTC,GCAGGTCCAGAACGTCCA,0,0
Oke_RDDFW6872_56,A,C,GCAAAACCCAA,GCAAACCCCAA,GAAATGCAGCGAACAGAGC,0,0
Oke_EF2_394,C,T,CATGATGGCGTCAAAC,ATGATGGCATCAAAC,GCTTAACTGCTGTTTCTGCTATAGG,0,0
Oke_RAD3480_76,A,C,CACCGAAATAGAATTT,CCGAAAGAGAATTT,CGTCATCAGATTTGAAAAGGCTTTGC,0,0
Oke_RAD4538_78,A,G,CATGCTTTAGACTATTTGAAT,ATGCTTTAGACTGTTTGAAT,TTGGTTATTTGCGGGATTGTCATTG,0,0.25
Oke_RAD5951_44,A,G,AGAGTGGAGCATTCAG,AGAGTGGAGCGTTCAG,TGCAGGCAGACTATAATGTCATCAA,0,0
Oke_RDDFW13161_74,C,T,AAAGGCTTGCT,AAAGGTTTGCT,CACAATGCACTTTAGGCTTGA,0,0
Oke_RDDFW29994_56,A,G,TCACCATGTGTGGTGGAGGATAGGATCG,TCACCGTGTGTGGTGGAGGATAGGATCG,CATTACCAGGGTCCATCACC,0,0
Oke_RDDFW4669_39,A,G,CGGCAAGTTGT,CGGCAGGTTGT,ACGGCGAGGGCAGGTATT,0,0
Oke_RDDFW58551_52,A,G,GCTCAAGGGAT,GCTCAGGGGAT,CATGGCCAAAGTCAGGTACA,0,0
Oke_U2006_109,G,T,AAACAAAGGCAAAGTC,AAAACAAAGGAAAAGTC,CCAACACCACTTTCCATTAATAAGCA,0,0
Oke_U2041_84,G,T,CAGATCCGGTGTATGC,ACAGATCCTGTGTATGC,CCAGACCATGTGCTTGTTTGTCATA,0,0
Oke_glrx1_78,C,T,TGGGCATTTAGAGTTTATT,TGGGCATTTAGAATTTATT,CGCTCCGTCCAGTGATGTC,0,0
Oke_lactb2_71,G,A,CTCCCTCGTGTCGAGCA,CTCCCTCGTATCGAGCA,CGTCGTGAACCATGAGTGCAATA,0,0
Oke_RAD19121_72,G,T,CTGCCCTGGCCGTATG,CCTGCCCTGTCCGTATG,GCGGCTGACGATGAGGAA,0,0
Oke_RAD715_49,C,G,TAGAATCCCAGCAGCTCT,TAGAATCCCACCAGCTCT,ACACAGTGAACAATGAGGACTACAC,0,0
Oke_RAD9273_49,A,G,ACTGGCCATGACTGAC,TGGCCACGACTGAC,CGGAACCGATCTGAGTCTGTTG,0,0
Oke_RDDFW14498_66,C,T,AAGAGCCAGTG,AAGAGTCAGTG,TGACTCGTGTTCAGGAGAGG,0,0
Oke_GNMT_100,C,T,TTGAGGAGGGATTTAA,TTGAGGAAGGATTTAA,GCGTCCACGCTCGTCAT,0,0
Oke_RAD11690_33,A,G,CTGCTTTTCAGTCTCTCCAA,TGCTTTTCAGTCCCTCCAA,GGCCCCCAACCATCCT,0,0
Oke_RAD7512_33,A,T,TGTTTCCTCCATTTAAGATG,TTCCTCCATTAAAGATG,GCAGGCAAATATTACCCCAATCCTT,0,0
Oke_RDDFW10186_42,A,T,CAGGTATAAAA,CAGGTTTAAAA,TGCAGGGTTAACATCCTGTACT,0,0
Oke_RDDFW48558_66,C,T,ACAAACACAAA,ACAAATACAAA,ACGACGCCAGTAGCTACAAA,0,0
Oke_U1008_83,A,G,CCGTTCTCTTCTTGGACAC,CGTTCTCTTCCTGGACAC,GTCACCAAACATCCTGCGAATG,0,0
Oke_PDIA3_475,A,G,ACTACGAGAAGAATCCCAAAG,ACGAGAAGAACCCCAAAG,CCCGGTTCCTCCAGTAGTTG,0,0
Oke_pnrc2_78,G,A,TGGCCTTCCAGCTGAA,TGGCCTTCCAACTGAA,CGTGACAGCAGGGAGATGA,0,0
Oke_RAD5615_34,C,G,ACGCCAGGCCAGGAC,CGCCAGCCCAGGAC,TGCAGGTTAAAATGGCGAATGTG,0,0
Oke_RDDFW57213_78,A,T,TGCGCACTGGG,TGCGCTCTGGG,GGTCACGCCAAGGTTCTTT,0,0
Oke_RDDFW70829_40,A,G,TGGATACTCTG,TGGATGCTCTG,AGCTTGGCTGTGGTGTTTCT,0,0
Oke_RDDFW97566_28,C,G,CCGATCCTGTGCAGGTGTTGATC,CCGATGCTGTGCAGGTGTTGATC,GCAGGTGTGATCTTTGGATG,0,0
Oke_TCTA_99,C,G,ACGTTAGTTAGCTATGTCTG,ACGTTAGTTACCTATGTCTG,GCTAGCACTTCATGGCAGCAT,0,0
Oke_U2026_64,G,T,CAGATCAAATTGTAAAACT,CAGATCAAATTTTAAAACT,CTTCCCACGTCTTTTCTGTCTCA,0,0
Oke_RAD11444_75,A,G,AAGGCGTGCATAGGAAA,AAGGCGTGCGTAGGAAA,GTCTGTATACCAAATAGTGATGAGTGCAT,0,0
Oke_RAD14852_56,A,C,CTGTTTTGTACCATGACTTG,CTGTTTTGTACCCTGACTTG,CCCTGTGGGTTCATACTGTAACT,0,0
Oke_RAD3861_38,A,C,CCGACGTGATTAAGAC,CGACGTGAGTAAGAC,GGCATGCGAATGTTAACCTGTTTA,0,0
Oke_RDDFW14591_59,A,T,AAAAAACATCTGGATGAGA,AAAAATCATCTGGATGAGA,CCTTAAAGTTGACCCCCAAA,0,0
Oke_RDDFW19905_31,A,C,CCCATAGAGTA,CCCATCGAGTA,AGGAGTCCAAAGCCCACAG,0,0
Oke_RDDFW24615_60,A,G,ACAAGAGATGT,ACAAGGGATGT,CTGGGAATCGACACAAATGA,0,0
Oke_RDDFW35061_72,C,T,AACTCCGTTGC,AACTCTGTTGC,CAGGTGACCTTTGCCTTGTA,0,0
Oke_RDDFW37304_51,A,C,TCAGGATGTGT,TCAGGCTGTGT,CCCTGCCATTTAGTACAGGTC,0,0
Oke_thic_84,C,T,ATGGAATGACAGCAATGT,ATGGAATGACAACAATGT,GCTGCTGTCTTAAACCACATTCTACA,0,0
Oke_U2020_51,C,T,TGGAGGAACGCGCGCC,TGGAGGAACACGCGCC,GCTCTGGTCCAGGTCGTT,0,0
Oke_U2035_54,G,A,CACCAATAACGTCCTAATC,CACCAATAACATCCTAATC,CGCCAATAACGCTCCAACAAC,0,0
Oke_GPDH_191,T,A,CGGAGCCACTTCCAGTA,CGGAGCCACTACCAGTA,CCTGTACCTATAGGGCAACTTCAC,0,0
Oke_RAD10028_44,C,T,CTGATGAGACAGATCTTA,TGATGAGACAAATCTTA,GGCAGGATAAGCAATGGAATGC,0,0
Oke_RDDFW48705_55,C,T,GTGCGCTTTAT,GTGCGTTTTAT,CACACAGAGCACGTGCAGAT,0,0
Oke_RDDFW64969_46,C,T,TCGTTCGTGGT,TCGTTTGTGGT,GCAGGTAACCCTGCCTTCTA,0,0
Oke_RDDFW75348_40,A,T,GGGCTATAGAC,GGGCTTTAGAC,CAGCCACTGTAGCAGGGAAT,0,0
Oke_RDDFW96549_63,A,G,TGCACATAC,TGCACGTAC,GCCTGCAAGCAGTAAACACA,0,0
Oke_U1020_75,C,G,CTTCAACATCTCCTACCCTC,CAACATCTCGTACCCTC,GCCAATCGCGGAAGTCTCA,0,0
Oke_e2ig5_50,C,T,CATCTTTGTATCTGTGCCATT,TCATCTTTGTATCTATGCCATT,GCACTGCTCATTCTGTCACATG,0,0
Oke_RDDFW19534_51,C,T,CGGAGCTGGCG,CGGAGTTGGCG,TGAGCAGCCAAGCAGTTAAA,0,0
Oke_RDDFW25539_63,G,T,ACCCTGCCGTC,ACCCTTCCGTC,ACATGTTGCTCTTGGCTCCT,0,0
Oke_RDDFW29139_38,C,G,CTGGACAGCCA,CTGGAGAGCCA,GGTGATTGGATGGAGGCTAA,0,0
Oke_RDDFW44691_36,C,T,CACTACGTTTA,CACTATGTTTA,TTCACCAGAGTCCCTCCACT,0,0
Oke_RDDFW69778_62,A,G,ATATTATAACC,ATATTGTAACC,GTCAGACAGCCAGGGAAGAC,0,0
Oke_RDDFW72082_30,A,T,AGCCCAGTAATTAAGAGCATCTATCATCATTAGCA,AGCCCTGTAATTAAGAGCATCTATCATCATTAGCA,CAGGTGCAGTCAGCTTGTTC,0,0
Oke_RDDFW89443_55,A,C,GTGAGAGACTA,GTGAGCGACTA,AGGCTGCTTTAGAGCCACAC,0,0
Oke_RDDFW91108_63,G,T,TGGTGGTGGCT,TGGTGTTGGCT,CCCAGAGGCCTCGATTATCT,0,0
Oke_RS9_379,A,T,CAAATAAGACAGAAGCAGTCTGCCCCT,CAAATAAGACAGTAGCAGTCTGCCCCT,GCAATCCTCCATACATTACCTGTCA,0,0
Oke_DM20_548,G,T,CTAGATCATGTTCACTATCTATA,TAGATCATGTTCACTATATATA,CACTCCCCTCGCTTACTGATATCTA,0.25,0
Oke_mcfd2_86,C,T,TTGAATTTCGAAAATCC,TTGAATTTCAAAAATCC,GGCTTGAGGGCCACATTG,0,0
Oke_MLRN_63,G,A,CTGGTGATTGACGATCC,CTGGTGATTAACGATCC,CCATTTCAGCATTGCCAGATTTGAAA,0,0
Oke_RAD10719_31,C,T,CAGCCACCTCGATGAA,CAGCCACCTTGATGAA,ATGCAGGTCAACTGAGGTAAA,0,0
Oke_RAD14679_56,G,T,CGGGACGCTCCATG,CCGGGACTCTCCATG,GGCCTCCACATCGACTTCTC,0,0
Oke_RAD19883_47,G,T,AGTTGGCTGAAGACCCCATA,TTGGCTGAAGAACCCATA,AGGCTGTGTCATCGTTGTTAGTAAT,0,0
Oke_RAD5434_50,G,T,AAATTCAACACACCTGGTCTTCCAGCTC,AAATTCAACACACCTGTTCTTCCAGCTC,GCAGTTCAGTTCAGTGATTGCCTAA,0,0
Oke_RDDFW59084_41,C,T,ACTCCCAATGT,ACTCCTAATGT,ATTGGAGGGAACAGCACACT,0,0
Oke_RDDFW70556_28,G,T,AACATGTTTAA,AACATTTTTAA,AGGGATGGGGGTTAGGATTA,0.5,0
Oke_RDDFW72515_22,C,T,GCAAATGAGCTTCGTGATTTACATACATTTACTGAAAA,GCAAATGAGCTTTGTGATTTACATACATTTACTGAAAA,GCAGGAAATGCAAATGAGC,0,0
Oke_sylc_90,A,T,ATATCTTTGAGACTAGATTAA,CTTTGAGACAAGATTAA,TTGAGGAAACCACTGGTCTTACAAG,0,0
Oke_U507_286,T,G,CTGCTGTTCATAAAAGTA,CTGCTGTTCATACAAGTA,TGGTCATAGCTTGCACTGTACAAA,0,0
Oke_eif4g1_43,G,T,CTGAGATTCTTCATCTTTTAC,TGAGATTCTTCATATTTTAC,GCACCCAACAGTTCATCATGTAAGT,0,0
Oke_nc2b_148,A,C,TTTAGTTCTAGTCAAAAGTAG,TAGTTCTAGTCCAAAGTAG,CCAGCCTATTTCCTTTAGTGCATATGA,0,0
Oke_RAD2158_44,C,T,TCGAGATGTGTCAAAAG,TCGAGATGTATCAAAAG,CGGTTGTCAGTTGAACAGTGTTT,0,0
Oke_RAD2827_56,A,C,TTGGTGACCAGTAATTT,TTGGTGACCAGTCATTT,GCCGCACCTCACACTAGT,0,0
Oke_RAD3938_71,C,G,TCCAACGTCTGCGCTAT,TTCCAACGTCTCCGCTAT,GCTCCTCTCTGCCTGGTT,0,0
Oke_RAD4286_77,A,G,TAGATTAGGCTCAGAGTTTA,ATTAGGCTCGGAGTTTA,CAGTTGTAACTAACCTGGCTCTGAT,0,0
Oke_RDDFW24690_58,G,T,CTGAAGTCCAT,CTGAATTCCAT,ATCGCCATCACGTCTCTCTC,0,0
Oke_RDDFW78157_36,A,G,CATATCA,CGTATCA,CCAGTGCTTTTGTTCCCATC,0,0
Oke_RDDFW9156_37,C,T,AGCGACGCTCT,AGCGATGCTCT,GCAGAACTCGAGTCCAAAGG,0,0.25
Oke_U1019_218,C,T,ACTGGTGAAGGGATATT,CTGGTGAAGAGATATT,GCAGTCACACATTTTCTTCATCACA,0,0
Oke_U1023_147,A,C,CATCAGGGAAAGCCTACAAA,AGGGAAAGCCGACAAA,TCTTAAAATGGAGAGAGCGATTAATGAAGG,0,0
Oke_U2022_101,G,C,AGCTGGTTACGTGTCGTG,CTGGTTACGTCTCGTG,TGTCCTAATGACAGGCCTTGC,2,0
Oke_U2033_122,G,T,CGACGTCAATGACTTTG,CGACGTCAATTACTTTG,ACGCCCTTCCCCGATTC,0,0
Oke_RAD9447_73,A,C,CAATTCATATCTGAACCAAC,CAATTCATATCTGCACCAAC,TGATGAAACTGTGGCCTTGCA,0,0
Oke_RDDFW48576_24,A,G,TTTACATTAGT,TTTACGTTAGT,CAGGAGGAAGGGCAATGTT,0,0
Oke_RDDFW6089_75,A,C,GTGTCAGATCA,GTGTCCGATCA,GAGTTGGCGTTGGCTGAC,0,0
Oke_RDDFW61097_36,G,T,CCCTCGTCCGT,CCCTCTTCCGT,CGCTACATGCAGGGTGTCT,0,0
Oke_RDDFW64078_73,A,T,TTTAAACTCCA,TTTAATCTCCA,TCAGGGTGAACTGTCCCTTT,0,0
Oke_u200_385,G,T,CATTATCTCCCTGAATGTA,CATTATCTCCATGAATGTA,CCCATAATTTTGCAACCCTAGTCACA,0,0
Oke_U2045_43,G,A,CCTGCTATCGTCCTCC,CTGCTATCATCCTCC,GACCCCGGGTCACCAC,0,0
Oke_APOB_60,C,T,ACATCTGCTGTCTTCAG,ACATCTGCTATCTTCAG,CTGTGGATGGTATTCTGGATGCA,0,0
Oke_ccd16_77,A,C,CCAGCCCCCTCTGAAA,AGCCCCCGCTGAAA,TGTCTTCAGAATCCAATGCTTTCCT,0,0
Oke_RAD12909_51,G,T,TGCACATTGTGACATTC,CTGCACATTGTTACATTC,AGGAAAATAAACACACAGCACACCTA,0,0
Oke_RAD3223_33,A,G,TTCTCAGACAACATCATC,TCAGACGACATCATC,TGCAGGTTCAACAGGG,0,0
Oke_RAD3693_30,C,T,ATGAGAGAATATCGAAGAAT,ATGAGAGAATATCAAAGAAT,TGCAGGTAACATCAGAGCACAAA,0,0
Oke_RDDFW38998_48,A,C,ATGGAAGAGAT,ATGGACGAGAT,CAAAAATCACCCAGGAATGG,0,0
Oke_RDDFW39056_71,C,T,TTTGAATTTGTTCTTAACTGACTTGCCTAGTCAAATAAAGGTTATATACAGTGCC,TTTGAATTTGTTCTTAACTGACTTGCCTAGTTAAATAAAGGTTATATACAGTGCC,TTTTGGTAGGCCGTCATTGT,0,0
Oke_RDDFW48220_71,G,T,ACCGTTGGTGGTGATGGCGGTGAT,ACCGTTGGTGGTGATGGCTGTGAT,GGATGGTGACACACTTGCTG,0,0
Oke_RDDFW51270_33,A,G,GGAGGACAGGA,GGAGGGCAGGA,GGAATCCTGGAAGAAGGCTAA,0,0
Oke_RDDFW91049_44,C,T,CACGTCAACGT,CACGTTAACGT,TGGGAGAAGACACAACCACA,0,0
Oke_slc1a3a_86,C,T,CCCAACGCGGTGATG,CCCAACGCAGTGATG,TGTCTTCATCTGTGGACTCCTACA,0,0
Oke_u1_519,A,T,TCATGAAATGGGTTTCTAT,ATGAAATGGGATTCTAT,AGGTTTGTATGCGGCTGCTT,0,0
Oke_U2024_93,C,T,TGTGCTAGGTGTTCTGG,TGTGCTAGGTATTCTGG,CGTCTTTCCAATACCACAGAGATACA,0,0
Oke_U2025_86,G,A,ACTTTTTTGTCGTTTTTTT,ACTTTTTTGTCATTTTTTT,AAATCCCCATGGAGAAACACAATGA,0,0
Oke_U504_228,A,G,TGGCTCAAACTTG,TTGGCTCGAACTTG,CTTAACTCAGTCACACCAACTCACT,0,0
Oke_ATP5L_105,C,G,AGTATATTGAGATGAATCCCAC,ATATTGAGATGAATGCCAC,GTGCACACCAATCCATTTCTGAAT,0,0
Oke_f5_71,C,T,CAGGTGCGTGCAGTAA,TCAGGTGCATGCAGTAA,CTCAAATTTCCCTTTGACATCAATTCATCA,0,0
Oke_LAMP2_186,A,G,CTAACTTTACAAAGACACTGC,AACTTTACAAAGGCACTGC,TTCTAGCCATGACCCAATGAAAGG,0,0
Oke_METK2_97,C,T,AGGGAGCTGCTGGACA,AGGGAGCTACTGGACA,CCAGGACGAAGGTCAAAGTTCTT,0,0
Oke_RAD10459_85,A,T,TGTTTCTCTGTTGTTTTTG,TGTTTCTCTGTAGTTTTTG,CCCCTGGGAACAAATGAAACAGAAT,0.25,0
Oke_RAD16763_78,C,T,CATACCCCTCGACTTAT,CATACCCCTTGACTTAT,CCACATATACCGTGCCTTCAGAAAA,0,0.5
Oke_RAD5457_49,C,G,TTGGCTCATTGCGCTATA,TTGGCTCATTGCCCTATA,CAGTCCGCCACAATGAGTTG,0,0
Oke_RAD7067_53,A,T,CACCATGCCTGCGATAA,ACCATGCCAGCGATAA,GAGTTGAATGCAGGGAGAATAGGT,0,0
Oke_ras1_249,T,G,CACCAAGGTAAAAAT,CCAAGGGAAAAAT,GGATGACTAAGAGCGACTGTATGTG,0,0
Oke_RDDFW20179_61,A,T,CGCAAATTCAT,CGCAATTTCAT,CGACGTGCAGATGTTTCATT,0,0.25
Oke_RDDFW23444_56,A,C,TGGTCAAGCAT,TGGTCCAGCAT,TGCAGGAGGTGAAGCCTCT,0,0.25
Oke_RDDFW27843_66,C,T,TGTCACCCCTT,TGTCATCCCTT,GGTGAAGGCACATAAGGTGTG,0,0
Oke_RDDFW28182_57,C,G,TTGCCTCACT,TTGCGTCACT,GGGTGGAGTATGCCCAGAAT,0.35,0
Oke_RDDFW36545_52,A,T,GTAATAAAGCC,GTAATTAAGCC,GGAAGGGTGCTGTGGAGAGT,0,0
Oke_RDDFW38189_70,C,T,TAGGTCGACAT,TAGGTTGACAT,CAAGCAGGCAGGATACTGGT,0,0
Oke_RDDFW47838_76,G,T,TTGTTGGAGGA,TTGTTTGAGGA,TCAGCAGAAGCCAAGTCAGA,0,0
Oke_RDDFW66307_18,C,G,GCTGTCTGCCAAGGCTGCCATTGAGCATGCTCAGAAGATG,GCTGTGTGCCAAGGCTGCCATTGAGCATGCTCAGAAGATG,TGCAGGCCCACAAGCTG,0,0
Oke_RDDFW67033_73,C,G,CCGTTCCCTTT,CCGTTGCCTTT,GAGCACATCACAAATGCAGAA,0,0
Oke_RDDFW71171_55,A,G,CAGGCACACGC,CAGGCGCACGC,TCTGAGAGGCTCTGGAGGAG,0,0
Oke_serpin_140,A,T,CAAGAACTGACCTTAGACAC,AAGAACTGACCTTTGACAC,TCCACAGTGAGTAATAAAGTTGCACAT,0,0
Oke_U2048_91,A,C,CAGCCTCATAAGATGTTTA,CAGCCTCATAAGCTGTTTA,AGTTGGGTCTTAAAGATGATCATTTGCT,0,0
Oke_ACOT_100,C,G,CTTCCGCTCTCTACTCC,TTCCGCTCTGTACTCC,TCAGGGACGATAAAGGGATCATCTT,0,0
Oke_CKS_389,G,A,AAATGAATGATAATGTGTTCTG,AAATGAATGATAATATGTTCTG,GGGCCATTCTCTGAGTTCAGT,0,0
Oke_RAD12415_71,A,C,CTCCATCCCAAGATAGA,CTCCATCCCACGATAGA,CACCGCACATGGCAGAAC,0,0
Oke_RAD3995_44,A,G,CACACGCAACGTTCA,ACACGCGACGTTCA,GGGCATTTCATTTAAACCCAAACC,0,0
Oke_RAD4787_63,A,G,TCGTTCATACATTGCTTG,CGTTCATACACTGCTTG,GCTATCAACGCACAACGTGTT,0,0
Oke_RDDFW15717_46,A,T,TACTAAGTCTC,TACTATGTCTC,TAGGGTGTCGATACGGGTGT,0,0
Oke_RDDFW41968_67,A,G,AATATAAACGT,AATATGAACGT,CCCCAAATTTTCAGAGCAAA,0,0
Oke_RDDFW52567_35,C,T,AGTCTGAGGTG[CT]GAAAGGAGCTCCTTAAACTTGACCCCTCTTTAAG,AGTCTGAGGTG[CT]GAAAGGAGTTCCTTAAACTTGACCCCTCTTTAAG,TGCAGGCAGTCACTAAGTCTG,0,0
Oke_RDDFW6714_54,G,T,ATCAGGCTCCG,ATCAGTCTCCG,CAATCTGCAGGAGTTCCACA,0,0
Oke_RDDFW69792_54,G,T,TAGGCGGTATC,TAGGCTGTATC,TATGGGTGAATGGGGCTAGA,0,0
Oke_RDDFW92833_41,C,T,TGCAGCGATAG,TGCAGTGATAG,ACGGACGTCTTAGCGCATAC,0,0
Oke_RDDFW93316_60,C,T,CTGGCCCAAAG,CTGGCTCAAAG,ACCTGCTCAGCTCTGCTCTG,0,0
Oke_U2001_629,C,T,AGCCTTTCACATCCCCA,CAGCCTTTCATATCCCCA,CCCCACTCCTTCTACTCATCCAT,2,0
Oke_U2049_99,C,T,AAACTAGTATTTCCCGTCTATG,ACTAGTATTTCCCATCTATG,CATTGTAGCAGAGGGTCAACGATAT,0,0
Oke_brp16_65,C,T,ACGTTGCCTGTCCAC,ACGTTGCCTATCCAC,TCCACGTCACTCAGCATGATG,0,0
Oke_mgll_49,A,T,ATTTATGGGTGTTCCCC,TTATGGGAGTTCCCC,ACATTGTAATCTGTATTAGTCCAATGCAGAC,0,0
Oke_pgap_92,C,G,CAAGAGGTAAGAAGCTAC,AAGAGGTAACAAGCTAC,TGCAGATCTCAATTTGAACGACCTAT,0,0
Oke_psmd9_188,C,T,CAGGAAGTTCCCCGTGTTG,CAGGAAGTTCCCTGTGTTG,ACTGAGGCAATATTCTGCAGGTT,0,0
Oke_RAD11928_30,A,T,AATAGCCCTGTCCTTCAA,TAGCCCTGACCTTCAA,GGGTGATGGTGGTGCCA,0,0
Oke_RAD11999_36,A,G,CAGGCAATTATAAGCTATCCCA,AGGCAATTATAAGCCATCCCA,TTCGATAAGCTAGACCTGTGGGA,0,0
Oke_RAD17316_60,C,G,TTGTCCCCCAGGAATG,TTGTCCCCCACGAATG,GCTGAGGGCTTCTGTTGCTAATTA,0,0
Oke_RAD2414_54,C,T,CCTCTCAGCTGGGCTG,CCTCTCAGCTAGGCTG,CTGGCAGGGTGTTGATCCA,0,0
Oke_RAD5276_66,G,T,TGGGAGATTTTATTATGGAACTT,TGGGAGATTTTATTATTGAACTT,CAATCTGACCTAGTCTTCCAAGCC,0,0
Oke_RAD5734_46,C,T,AGGAAGCAAATGACCCCT,AGGAAGCAAATAACCCCT,GGTGGACTTTGGCAAACTGTTT,0,0
Oke_RAD8326_32,A,C,CTTCCGTTCAAATCTAAAA,TCCGTTCAAAGCTAAAA,TGCAGGTTAGCTTGGTTGGTTAA,0,0
Oke_RDDFW25476_76,C,T,TGTGGCTTCTT,TGTGGTTTCTT,CCACAGAAGCCTACGTACCTG,0,0
Oke_RDDFW39550_74,C,T,AACGTCTAAGG,AACGTTTAAGG,CAGGCTTGTCCCATTGCT,0,0
Oke_U1021_102,G,T,TGTTTCCACAAGAACTGA,TGTTTCCACAATAACTGA,TCGAGGATTTGAGGATTAGGCTACT,0,0
Oke_U2029_79,C,T,AGGTGTACTGAAGAGAC,AGGTGTACTAAAGAGAC,GGTTTGATTTCGTCGCGATTTGA,0,0
Oke_U2053_60,C,T,CACACATATGAGATGCC,CACACATATAAGATGCC,TCTGCTTTTGTCGTCTCACCAA,0,0
Oke_U2056_90,G,T,CGAAGTGATGAAGGTGACAA,CGAAGTGATGAATGTGACAA,CCATCACGTCACCATTACACTGT,0,0
Oke_U511_271,T,A,ACAGAAATACAGTATATAACCT,CAGAAATACAGTAAATAACCT,GACACAACGTTTTGGGACATTCAG,2,0
Oke_DBLOH_79,C,T,CTGCCATGGAGGAAG,CTGCCATAGAGGAAG,GCAGATATGCCTCAGGGATGT,0,0
Oke_eif4ebp2_64,G,A,TGATGTGAGAGCTCA,TGATGTGAAAGCTCA,CGAAAGAAGATGGCTGCTGTGA,0,0
Oke_RAD3664_73,C,T,CTCTCCCCACCCTCAG,CTCTCCCCATCCTCAG,TGGTGTTCTCTATTGGCATGTGTT,0,0
Oke_RAD7936_41,A,C,CCCCTACTTACCATGCACT,CCCCTACTTACCCTGCACT,GCAGGAATAGAATTTACCCCACCTC,0,0
Oke_RDDFW19665_62,C,T,AAGCTCTTCAG,AAGCTTTTCAG,CCCAGAGCAGACTGGGTCTC,0,0
Oke_RDDFW20999_31,C,T,GACACCCGCTC,GACACTCGCTC,AGTTTTGTTGCACCTGGACA,0,0
Oke_RDDFW30681_49,A,G,CGTTAATATTA,CGTTAGTATTA,CAGGGAAATGAGAAGCCTGA,0,0
Oke_RDDFW32214_64,C,T,ACTGCCTCAGC,ACTGCTTCAGC,ATGCGGGAATGAGCAGATAA,0,0
Oke_RDDFW49372_62,A,C,TGGATACAACC,TGGATCCAACC,GCCAAGCCCAGACTACACAT,0,0
Oke_RDDFW54241_69,A,G,GAGGGAGAGAG,GAGGGGGAGAG,TGCAGGTCAGCAAAATAATCT,0,0
Oke_RDDFW57028_36,C,T,TCTCCCCCAGT,TCTCCTCCAGT,GCAGGGTTTCAGCTTCAGTT,0,0
Oke_RDDFW66740_41,A,G,ACCATAGGGGT,ACCATGGGGGT,TCCCAGTGGTAGAGTGTCACC,0,0
Oke_RDDFW68590_61,G,T,AAAATGACACA,AAAATTACACA,AGAGCAATTTTCCCGGTTGT,0,0
Oke_RDDFW69741_55,C,T,CACAC[GT]CCAGAC,CACAC[GT]TCAGAC,GGTCCTACCTGCAACCTGAG,0,0
Oke_RDDFW71319_78,C,T,AGATTCGCAAC,AGATTTGCAAC,CTAAAGGCCCGCTCTGGAC,0,0
Oke_RDDFW89343_75,G,T,AGCCTGTAGAGCTGTTTATACAGTG,AGCCTTTAGAGCTGTTTATACAGTG,GTGCACCATGACAGTGAAGC,0,0.25
Oke_RDDFW94768_76,A,G,CTTGCACACCT,CTTGCGCACCT,TGGTTACCCACTGAGCTGTTC,0,0
Oke_RDDFW97046_68,A,C,AATTCATCTGC,AATTCCTCTGC,CCACAACAACATCTCCCAAA,0,0
Oke_RDDFW97971_30,C,T,TTGTCCGCAAA,TTGTCTGCAAA,TGCAGGTTTTGTCAGTGGC,0,0
Oke_RH1op_245,C,T,AGTGGTGAAGCCTC,TAGTGGTAAAGCCTC,TGGCCGATCTCTTCATGGTAATC,0,0
Oke_U507_087,G,T,ATCAGGGCCGATCCA,CAGGGCAGATCCA,GAAGACTGGACACACACGATATGT,0,0
Oke_U514_150,C,T,CTGCCTCCCGTCTGA,CTGCCTCCCATCTGA,GCATCATTAGTAAGGCGTCATTGG,0,0
Oke_cjo57_86,A,C,TGTTGTAAGTTATTTAATTTATG,TTGTAAGTTATTTCATTTATG,CAGAAGGTCTAAAGGTCCTTAACAATCA,0,0
Oke_H2AX_72,C,T,TGCTGGTGCCCCCGTG,TGCTGGTGCTCCCGTG,AGGGCAACTACGCTCATAGAGTA,0,0
Oke_RAD1635_77,C,G,AAACAGAGATATGGTATGGC,AACAGAGATATGCTATGGC,ACTGTGACTGAGTGTGCAATGTTAT,0,0
Oke_RAD3715_76,A,G,CATGTAACTGATTGAACAAA,ATGTAACTGATCGAACAAA,GGCCCGGCCTTGCT,0,0
Oke_RAD3762_78,G,T,CCCATCCAACAGGAGAG,CCCATCCAACATGAGAG,CGTGACCTGTTACTCTGCTATCTTT,0,0
Oke_RAD7883_49,G,T,TGTCCGACGGTTTTG,ATGTCCGACTGTTTTG,GCAGAGAAGCAAAATGGGTAGTTG,0,0
Oke_RAD8335_79,A,G,ATCGAGCCAAAACTCGGGAT,ATCGAGCCGAAACTCGGGAT,TGCTCGGGCTCCAAATGAC,0,0
Oke_RAD8372_31,A,G,CCTGACAGTAAGATATATCAA,CTGACAGTAAGATGTATCAA,TGCAGGAGGAACCGCC,0,0
Oke_RDDFW16886_37,A,G,CCGCTAGCCTG,CCGCTGGCCTG,TCCCCATCCGTCTCTATCAC,0,0
Oke_RDDFW20811_77,A,T,ATACTACACAG,ATACTTCACAG,CACTCACTAGTGCTCCCAGAG,0,0
Oke_RDDFW52773_67,G,T,ATAAAGCCCTT,ATAAATCCCTT,TGCAGGATCGTCTGAGGAG,0,0
Oke_RDDFW6606_46,A,G,ATCAAACTCAAGTGCCGGGCCAGGCCA,ATCAAGCTCAAGTGCCGGGCCAGGCCA,GCCCGATGATGCCTATATCGT,0,0
Oke_RDDFW72091_54,C,T,TCTCTCGTCTA,TCTCTTGTCTA,AAAGACAGAGATTGGCTGAGG,0,0
Oke_U1002_165,C,G,ATGGGTTCAAATGTGACCC,ATGGGTTCAAATCTGACCC,GATTATTGGATCGAGAGAGTTAGAAGAGAGA,0,0
Oke_U1002_262,G,T,AAGCTTGATTTCTTTTCTT,AAGCTTGATTTATTTTCTT,CCTAGACCACTCCAGACTGTTG,0,0
Oke_U2010_94,C,T,CTCTCCTCGGTGTTGC,CTCTCCTCAGTGTTGC,CCGCAGACAGTGGTCAATACT,0,0
Oke_U2019_112,A,C,CCTAAGTTAACAGAATTT,CTAAGTTACCAGAATTT,GAATTTGACTGCCTGGCGAAAG,0,0
Oke_U2037_76,C,G,TCGAGTCTGGAGTCTTGA,CGAGTCTGGACTCTTGA,CATATCAGGTGTGTCTCAACAGTCT,0,0
Oke_CKS1_70,G,A,CTGAAAATAAACGGTCTATTC,CTGAAAATAAACAGTCTATTC,GCTACCTCTATCATACCGCCAATATT,0,0
Oke_rab5a_117,C,T,CAGCTGTTTTTCTTGTAGCCT,AGCTGTTTTTCTTATAGCCT,GGGAATAACAGTCATTGCAGCATTT,0,0
Oke_RAD10173_41,C,T,CGAGGAGGACCCCCAGACA,CGAGGAGGACCTCCAGACA,CAGGCTCTTCCTACTGAGTGAATG,0,0
Oke_RAD11379_85,C,G,CAGAGTGAACTGTATGATC,CAGAGTGAACTCTATGATC,CTCATTGGATATCTCATTGGCAGACA,0,0
Oke_RAD2522_75,A,G,CCTGTCTGCAATACACTAG,CTGTCTGCAATGCACTAG,ATGAGACTATAAATCACATTGGCGACAT,0,0
Oke_RAD8799_30,G,T,CCCTGTCATTCAAACAT,CCCTGTCATTAAAACAT,GCAGGAGTGAGTCACTGCTTTA,0,0
Oke_RAD8814_56,A,C,CCTGAAAACAGACAAACA,CCTGAAAACAGCCAAACA,GACCAAATCCTTCACGTCACTGA,0,0
Oke_RDDFW17478_56,A,G,TCGGAAGCGTC,TCGGAGGCGTC,AACACCTCCTCCCAGAAAGG,0,0
Oke_RDDFW47763_68,A,C,AATCAAGGTCA,AATCACGGTCA,GGGTCCTGATCCAACTGTGT,0,0
Oke_RDDFW62184_66,C,T,CAACACGGAGT,CAACATGGAGT,ACATTTGGTGGTGCTTCAGA,0,0
Oke_RDDFW65679_48,C,T,GCTCTCCACTC,GCTCTTCACTC,TGCAGGAGAGAACATTCTGG,0,0
Oke_RDDFW65817_59,A,C,TCAGAAACACA,TCAGACACACA,GGAACAATGAGCTGGAGAGG,0,0
Oke_RDDFW69367_28,G,T,AAAGGGTTTTC,AAAGGTTTTTC,TGCAGGTAATTAGAGGCCGAG,0,0
Oke_RDDFW72464_65,A,G,AGATTAAGGGG,AGATTGAGGGG,GGTGATGTCAGTTGCTCTCG,0,0
Oke_RDDFW80662_52,G,T,GATAAAACTGTGGGTTTGCACAACCAAAGAATTT,GATAAAACTGTGGGTTTGCACAACCAAATAATTT,CAGGATCGTCACCTGGACA,0,0
Oke_RDDFW93115_22,A,G,GACCAAGATAC,GACCAGGATAC,GGACGGCTTTGTTGACCA,0,0
Oke_RDDFW9886_52,G,T,CCCGGGTCTCG,CCCGGTTCTCG,CCAAGAGGAAGCAGCAGGAT,0,0
Oke_U1024_113,A,G,CCAGAAACAACTTAATTAT,CAGAAACAACTCAATTAT,CATGCTGGTGAATTATTGGACAATGT,0,0
Oke_U2016_118,C,T,CCAGCTATAACAGCCTTG,CAGCTATAACAACCTTG,ACGTGTCCTGTTCAAATTAGCAGTA,0,0
Oke_U2057_80,A,G,CACGTTTTCTCTTTTCTC,ACGTTTTCTCCTTTCTC,GCAGTTGTCATGGCAGTAAGG,0,0
Oke_CATB_60,C,T,CAGGAACGGGTATGAG,CAGGAACGAGTATGAG,GCTTCTATGGGTCCTACTACCGTAT,0,0
Oke_HP_182,A,C,AGAAAAGGTGAGCTAGTATG,AAAAGGTGAGCTCGTATG,CCGATGACTCCAAAGAAGTTGCT,0,0
Oke_RAD10591_67,A,G,AGGTGTGAGATATTAATAAT,AGGTGTGAGATATTGATAAT,AACCACAAGGAGAGAGGAGAGT,0,0.25
Oke_RAD11918_57,C,T,AGAGGTCTGTCCGTGATAA,AGAGGTCTGTCCATGATAA,ACTTCTGGAGTGTGGCATCAAAA,0,0
Oke_RAD17332_67,G,T,CAGCGATGTGGACATG,CCAGCGATGTTGACATG,GGAGAGGCAGACTGTAATGACA,0,0.25
Oke_RDDFW112_17,A,G,CCGGGAAGATT,CCGGGGAGATT,TGCAGGAATGTGCCGGG,0,0
Oke_RDDFW18411_78,A,G,TTGAA[CT]TACAGTTCAGCTGT,TTGAA[CT]TGCAGTTCAGCTGT,TGCCTGCTTTTCCACACATA,0,0
Oke_RDDFW19807_50,C,T,CTGCACGCCTC,CTGCATGCCTC,AGGCATCCAAACATGAGAGG,0,0
Oke_RDDFW21890_73,A,G,AGAGCATG,AGGGCATG,GCCGAAAAGATTTGGCACT,0,0
Oke_RDDFW51705_44,C,T,AGGGACGGGCA,AGGGATGGGCA,GGTTGTTCCGTTCCATTGGTG,0,0
Oke_RDDFW65809_61,C,T,GTAGACGAGAG,GTAGATGAGAG,AGGGAAGACCTGAGGTTGG,0,0
Oke_RDDFW74107_70,A,T,ACAATAATTTT,ACAATTATTTT,TGTTGGGGAATAGAGGCTGT,0,0
Oke_TCP1_78,A,G,ATACTGCTCCAGAGACG,CTGCTCCAGGGACG,CTCCAGGGCATCAGCAAATG,0,0
Oke_brd2_118,C,T,ATGACGAAGCTCTCC,ATGACGAAACTCTCC,CTCAAGCCCTCCACACTCA,0,0
Oke_CD123_62,A,G,CTGATCGATTTCAACCC,TGATCGATCTCAACCC,GAACAGCAGTGAATCGGTTACCT,0,0
Oke_il_1racp_67,G,A,CGTACGAGATGTAGATGT,CGTACGAGATATAGATGT,AATTGCTCCTCCTCGCTATTTCTC,0,0
Oke_IL8r_272,A,G,CAAGAGGTCTTTGTCGACAT,AAGAGGTCTTTGCCGACAT,AGGCTGAGGCAGTGACATG,0,0
Oke_IL8r2_406,T,G,AAACACAAAACCCC,AAACACAAACCCCC,GGATGGACATTCACAGTCTGGTT,0,0
Oke_PDIA3_082,A,C,ATGCGGGTATTTAGCCTTAA,CGGGTATTTCGCCTTAA,TGCCTACGATGGACCCAGAA,0,0
Oke_PPA2_635,C,T,TTGCCTCCCCCGCTC,TTATTGCCTCTCCCGCTC,ACACAACTGACCATATTGACTTTCGA,0,0
Oke_RAD10676_50,G,T,ACATGAATGTCTTTTTTC,CATGAATGTATTTTTTC,CAGGAAAATTCACAATTACAATAGAGCTTGT,0,0
Oke_RAD16805_31,A,G,ATCCGAAATCACAGCCAT,CGAAATCGCAGCCAT,ATGCAGGATATCTGCTCCGG,0,0
Oke_RAD22662_43,C,T,TGCCAATTCCGCCAGAGGGCGG,TGCCAATTCCACCAGAGGGCGG,GGCTGATTTGGTAGCCCAAGAA,0,0
Oke_RAD27585_82,A,C,TCTTTTTGTGTGTTTCTCTT,TTTTTGTGTGTGTCTCTT,TGGTCCTACAGACACAAAGAAACAA,0,0
Oke_RAD5156_68,A,T,CATGAGTGTGATATGGG,CATGAGTGTGTTATGGG,CAGAGATGCGTCCGTGGT,0,0
Oke_RDDFW59113_30,A,C,CATTAATGCCA,CATTACTGCCA,CAGGATGAATGAATCCTCCAC,0,0
Oke_RDDFW73828_41,A,T,TACTTAATTTT,TACTTTATTTT,TTGCTTTGTGGAGTTTGGTG,0,0
Oke_RDDFW95768_60,C,G,CACAGCT[GT]CAGAC,CACAGGT[GT]CAGAC,CCCACACAGACTGAACACCA,0,0
Oke_U2011_107,G,T,TTCTGTGAGAGATTTAG,TTTCTGTGAGATATTTAG,CCGTTTCTGTCAGACTCTGGTAAA,0,0
Oke_U2017_87,A,C,CGTTGGTGTGAAGTACAGAT,TTGGTGTGAAGGACAGAT,CAGGAGCCATTGGAAGAGTAGAG,0,0
Oke_U2032_74,G,A,CAATAAAGTGCTAGGTGTCC,CAATAAAGTGCTAAGTGTCC,GCTATTCCAATGTAAATCCTGTACTGTGT,0,0
Oke_U2043_51,G,A,TCTGGAGGCGTATTGG,CTGGAGGCATATTGG,CACAAACCTACTACAGACAGCAGTT,0,0
Oke_u216_222,G,A,CATCAATACACGTTCTAAG,CATCAATACACATTCTAAG,CGCAATATTAAGTGCGTCATACTTGT,0,0
Oke_AhR1_278,T,A,ACTCTCACAGATTACGGTAC,CTCTCACAGATAACGGTAC,GCGGACACCCTCTCACA,0,0
Oke_arf_319,T,C,CTGTGTGAATTGCCTC,CTGTGTGAACTGCCTC,TGCAGAAACTGATCATTGGTAGTGG,0,0
Oke_RAD11183_63,A,C,TTGTAACGGACCTTCCCCT,AACGGACCGTCCCCT,TCTGTCAACAACCACCAGAATAGTG,0,0
Oke_RAD11500_80,C,T,TCCAAGAGGCTGCGCC,TCCAAGAGGCTACGCC,TTGTCCAACAGGGCTTGTCT,0,0
Oke_RAD12038_34,A,T,CTACACACACTCTCACACAC,CACACACTCACACACAC,CCAGGTCTTCCGTGCTGAAT,0,0
Oke_RAD12294_71,A,C,TGCACATCAGTCGACCTG,CACATCAGGCGACCTG,CTTGATTTAGCTTAATTGTCTGGTGTGC,0,0
Oke_RAD13522_47,A,G,CACCTCCAGATTTAC,ACCTCCGGATTTAC,CTCCTCTCACGGCTCACTTTT,0,0
Oke_RAD24191_34,A,C,AGCCTTCAGAAAGTATTC,CCTTCAGAACGTATTC,GCAGGACGATGGCAGATACAG,0,0
Oke_RAD27616_72,A,G,CTCTGCAACCTGTTCAG,TCTGCAACCCGTTCAG,CCCCAGCAAATGACTTTAGGTGTAT,0,0
Oke_RDDFW92671_68,C,T,AGTATCTGCCC,AGTATTTGCCC,TCAGGAGAGTCATGGGTGGT,0,0
Oke_RFC2_618,G,A,CAGCTCCTGGACTCA,CAGCTCCTAGACTCA,GACAATGTGTTAGTGTAGGCTTCACT,0,0
Oke_U1015_255,A,G,CAAACACACACAGAGCC,AACACACGCAGAGCC,CAGAGTGCAGAGTAATACGCATACA,0,0
Oke_U2003_142,C,T,TCTGGGCGTACTGCC,CTGGGCATACTGCC,CTCCTCACTAACAGTAGCTGCAATT,0,0
Oke_U2031_37,A,T,CATTCACACTGATCTGC,TTCACACAGATCTGC,CACACTTTCAATCAAATGTTGTGCAG,0,0
Oke_ctgf_105,G,A,ATGGCGTAAACAA,ATGGCATAAACAA,TGAGTCCATGTACTACAAGAAGATGCT,0,0
Oke_CTR2_82,C,T,CTCTGACGGTGTGCTT,TCTCTGACAGTGTGCTT,GCAGCAGACACACCGAAGTA,0,0
Oke_DCXR_87,A,T,CCTGTTTGTTGAAACCGTA,CCTGTTTGTTGTAACCGTA,GTCACCCAGAACAATAGAATGAGTCT,0,0
Oke_psmd9_057,C,T,CATTGGCGGTGTAACG,TCATTGGCAGTGTAACG,ACTGTAGTGACTGCATTTCATATTGCT,0,0
Oke_RAD3131_64,A,C,CCCCTGGGTTTGTGTAT,CCCTGGGTGTGTGTAT,GCACCATACAGCTCCACACAA,0,0
Oke_RDDFW21285_59,A,G,CCATTAATGAG,CCATTGATGAG,AGAGGCACACCCAAGGAGT,0,0
Oke_RDDFW945_50,C,T,AGGGGCTTGTGAAGGATGTTGTCATA,AGGGGTTTGTGAAGGATGTTGTCATA,GACCAGGCCGTGTTTGAC,0,0
Oke_U2054_58,C,T,ATGCCCAATTACGTCAGCA,TGCCCAATTACATCAGCA,CGTCTCATTCAGCTCTTTGATGTC,0,0
Oke_U305_307,G,T,ACAAACGGGCCAGTTG,CAAACGGGACAGTTG,TTTGGAAACGTGTGGGATTAATTTTGT,0,0
Oke_U506_110,C,T,TTGTAAGTTGTGGCTAAAA,TTGTAAGTTGTGACTAAAA,CGTGGTTGGTTTCATTGACTCTCA,0,0
Oke_RAD21307_43,C,T,ACGCATGCCCCTACC,ACGCATGTCCCTACC,TGCAGGGAAGTGTGGG,0,0
Oke_RDDFW14903_53,G,T,ACAGTGTCTTC,ACAGTTTCTTC,CAGGTAACTGTGCATCACTGC,0,0
Oke_RDDFW17423_60,A,T,AGTACAGCAGC,AGTACTGCAGC,AACCGCATGCTTACTTCACC,0,0
Oke_RDDFW19817_73,A,G,ACCTAG,GCCTAG,GCCACAGCACAGACAAACAA,0,0
Oke_RDDFW61351_74,A,G,AGCACATCTGG,AGCACGTCTGG,ACCTTCCAGCAAGACAGGTA,0,0
Oke_RDDFW80154_68,A,C,TCACCAAAAAG,TCACCCAAAAG,CCGTCATAAAACAGTGGGAGA,0,0
Oke_RDDFW89357_49,G,T,CTTAAGACTTT,CTTAATACTTT,AGGATTGTAGCGGCAGAGAG,0,0
Oke_RSPRY1_106,A,T,TAGTCTCTTTACATAATCTC,TAGTCTCTTTACTTAATCTC,GTCCTCCCTATTCTTCCACTTACCT,0,0
Oke_hsc71_199,G,C,AAAGTTTGAAATGTGTTCTAC,AAAGTTTGAAATGTCTTCTAC,CTGAAACTACCTCCCCCTAACAAG,0,0
Oke_RAD14303_73,A,T,CCCTCACGTTTCTCTTAA,CCTCACGTTACTCTTAA,CCGTGGGTTCACAGAGTACTG,0,0
Oke_RAD8698_82,C,T,CTCCCATATAGGCGTAGTAG,CCCATATAGGCATAGTAG,GAAGGCTCTCCCCCTTTCTG,0,0
Oke_RDDFW16518_29,C,T,AACTCCCGGTC,AACTCTCGGTC,CCCTTACCACCGCTAACAAC,0,0
