SampleID,PlateID,plate#,i7,Well,i5
OtsAC20TRAR_0001,COA1,PT11,CGGATG,A01,AAACGG
OtsAC20TRAR_0002,COA1,PT11,CGGATG,B01,ACTCTT
OtsAC20TRAR_0003,COA1,PT11,CGGATG,C01,ATTCCG
OtsAC20TRAR_0004,COA1,PT11,CGGATG,D01,CGAGGC
OtsAC20TRAR_0005,COA1,PT11,CGGATG,E01,GAAATG
OtsAC20TRAR_0006,COA1,PT11,CGGATG,F01,GGACTT
OtsAC20TRAR_0007,COA1,PT11,CGGATG,G01,TAAGCT
OtsAC20TRAR_0008,COA1,PT11,CGGATG,H01,TCTTCT
OtsAC20TRAR_0009,COA1,PT11,CGGATG,A02,AACGTT
OtsAC20TRAR_0010,COA1,PT11,CGGATG,B02,ACTGGC
OtsAC20TRAR_0011,COA1,PT11,CGGATG,C02,CAAAAA
OtsAC20TRAR_0012,COA1,PT11,CGGATG,D02,CGCAGA
OtsAC20TRAR_0013,COA1,PT11,CGGATG,E02,GAACCA
OtsAC20TRAR_0014,COA1,PT11,CGGATG,F02,GGCAAG
OtsAC20TRAR_0015,COA1,PT11,CGGATG,G02,TAATTC
OtsAC20TRAR_0016,COA1,PT11,CGGATG,H02,TGAACC
OtsAC20TRAR_0017,COA1,PT11,CGGATG,A03,AACTGA
OtsAC20TRAR_0018,COA1,PT11,CGGATG,B03,AGCCAT
OtsAC20TRAR_0019,COA1,PT11,CGGATG,C03,CAATCG
OtsAC20TRAR_0020,COA1,PT11,CGGATG,D03,CGCGTG
OtsAC20TRAR_0021,COA1,PT11,CGGATG,E03,GACGAC
OtsAC20TRAR_0022,COA1,PT11,CGGATG,F03,GGGCGC
OtsAC20TRAR_0023,COA1,PT11,CGGATG,G03,TACACA
OtsAC20TRAR_0024,COA1,PT11,CGGATG,H03,TGACAA
OtsAC20TRAR_0025,COA1,PT11,CGGATG,A04,AAGACG
OtsAC20TRAR_0026,COA1,PT11,CGGATG,B04,AGCGCA
OtsAC20TRAR_0027,COA1,PT11,CGGATG,C04,CACCTC
OtsAC20TRAR_0028,COA1,PT11,CGGATG,D04,CGGTCC
OtsAC20TRAR_0029,COA1,PT11,CGGATG,E04,GACTCT
OtsAC20TRAR_0030,COA1,PT11,CGGATG,F04,GGGGCG
OtsAC20TRAR_0031,COA1,PT11,CGGATG,G04,TACGGG
OtsAC20TRAR_0032,COA1,PT11,CGGATG,H04,TGCCCG
OtsAC20TRAR_0033,COA1,PT11,CGGATG,A05,AAGCTA
OtsAC20TRAR_0034,COA1,PT11,CGGATG,B05,AGGGTC
OtsAC20TRAR_0035,COA1,PT11,CGGATG,C05,CAGGCA
OtsAC20TRAR_0036,COA1,PT11,CGGATG,D05,CGTCTA
OtsAC20TRAR_0037,COA1,PT11,CGGATG,E05,GAGAGA
OtsAC20TRAR_0038,COA1,PT11,CGGATG,F05,GGTACA
OtsAC20TRAR_0039,COA1,PT11,CGGATG,G05,TAGTAT
OtsAC20TRAR_0040,COA1,PT11,CGGATG,H05,TGCTTA
OtsAC20TRAR_0041,COA1,PT11,CGGATG,A06,AATATC
OtsAC20TRAR_0042,COA1,PT11,CGGATG,B06,AGGTGT
OtsAC20TRAR_0043,COA1,PT11,CGGATG,C06,CATACT
OtsAC20TRAR_0044,COA1,PT11,CGGATG,D06,CGTGAT
OtsAC20TRAR_0045,COA1,PT11,CGGATG,E06,AATCGT
OtsAC20TRAR_0046,COA1,PT11,CGGATG,F06,GGTTTG
OtsAC20TRAR_0047,COA1,PT11,CGGATG,G06,TATCAC
OtsAC20TRAR_0048,COA1,PT11,CGGATG,H06,TGGGGA
OtsAC20SILR_0001,COA1,PT11,CGGATG,A07,AATGAG
OtsAC20SILR_0002,COA1,PT11,CGGATG,B07,AGTAGG
OtsAC20SILR_0003,COA1,PT11,CGGATG,C07,CCATTT
OtsAC20SILR_0004,COA1,PT11,CGGATG,D07,CTACAG
OtsAC20SILR_0005,COA1,PT11,CGGATG,E07,GCAGAT
OtsAC20SILR_0006,COA1,PT11,CGGATG,F07,GTAAGT
OtsAC20SILR_0007,COA1,PT11,CGGATG,G07,TCAAAG
OtsAC20SILR_0008,COA1,PT11,CGGATG,H07,TTATGA
OtsAC20SILR_0009,COA1,PT11,CGGATG,A08,ACAAGA
OtsAC20SILR_0010,COA1,PT11,CGGATG,B08,AGTTAA
OtsAC20SILR_0011,COA1,PT11,CGGATG,C08,CCCGGT
OtsAC20SILR_0012,COA1,PT11,CGGATG,D08,CTCGCC
OtsAC20SILR_0013,COA1,PT11,CGGATG,E08,GCATGG
OtsAC20SILR_0014,COA1,PT11,CGGATG,F08,GTATCC
OtsAC20SILR_0015,COA1,PT11,CGGATG,G08,TCCTGC
OtsAC20SILR_0016,COA1,PT11,CGGATG,H08,TTCCGT
OtsAC20SILR_0017,COA1,PT11,CGGATG,A09,ACAGCG
OtsAC20SILR_0018,COA1,PT11,CGGATG,B09,ATAGTA
OtsAC20SILR_0019,COA1,PT11,CGGATG,C09,CCCTAA
OtsAC20SILR_0020,COA1,PT11,CGGATG,D09,CTGCGA
OtsAC20SILR_0021,COA1,PT11,CGGATG,E09,GCCGTA
OtsAC20SILR_0022,COA1,PT11,CGGATG,F09,GTCATC
OtsAC20SILR_0023,COA1,PT11,CGGATG,G09,TCGATT
OtsAC20SILR_0024,COA1,PT11,CGGATG,H09,TTCTAG
OtsAC20SILR_0025,COA1,PT11,CGGATG,A10,ACATAC
OtsAC20SILR_0026,COA1,PT11,CGGATG,B10,ATCAAA
OtsAC20SILR_0027,COA1,PT11,CGGATG,C10,CCGAGG
OtsAC20SILR_0028,COA1,PT11,CGGATG,D10,CTGGTT
OtsAC20SILR_0029,COA1,PT11,CGGATG,E10,GCGACC
OtsAC20SILR_0030,COA1,PT11,CGGATG,F10,GTGCCT
OtsAC20SILR_0031,COA1,PT11,CGGATG,G10,TCGCCA
OtsAC20SILR_0032,COA1,PT11,CGGATG,H10,TTGAGC
OtsAC20SILR_0033,COA1,PT11,CGGATG,A11,ACCATG
OtsAC20SILR_0034,COA1,PT11,CGGATG,B11,ATGCAC
OtsAC20SILR_0035,COA1,PT11,CGGATG,C11,CCGCAT
OtsAC20SILR_0036,COA1,PT11,CGGATG,D11,CTTATG
OtsAC20SILR_0037,COA1,PT11,CGGATG,E11,GCGCTG
OtsAC20SILR_0038,COA1,PT11,CGGATG,F11,GTGTAA
OtsAC20SILR_0039,COA1,PT11,CGGATG,G11,TCGGAC
OtsAC20SILR_0040,COA1,PT11,CGGATG,H11,TTTAAT
OtsAC20SILR_0041,COA1,PT11,CGGATG,A12,ACCCCC
OtsAC20SILR_0042,COA1,PT11,CGGATG,B12,ATGTTG
OtsAC20SILR_0043,COA1,PT11,CGGATG,C12,CCTAAC
OtsAC20SILR_0044,COA1,PT11,CGGATG,D12,CTTTGC
OtsAC20SILR_1001,COA1,PT11,CGGATG,E12,GCTCAA
blank,COA1,PT11,CGGATG,F12,GTTGGA
negative,COA1,PT11,CGGATG,G12,TCTCGG
positive1,COA1,PT11,CGGATG,H12,TTTGTC
OtsAC20NESR_0051,COA2,PT12,AATGTC,A01,AAACGG
OtsAC20NESR_0052,COA2,PT12,AATGTC,B01,ACTCTT
OtsAC20NESR_0053,COA2,PT12,AATGTC,C01,ATTCCG
OtsAC20NESR_0054,COA2,PT12,AATGTC,D01,CGAGGC
OtsAC20NESR_0055,COA2,PT12,AATGTC,E01,GAAATG
OtsAC20NESR_0056,COA2,PT12,AATGTC,F01,GGACTT
OtsAC20NESR_0057,COA2,PT12,AATGTC,G01,TAAGCT
OtsAC20NESR_0058,COA2,PT12,AATGTC,H01,TCTTCT
OtsAC20NESR_0059,COA2,PT12,AATGTC,A02,AACGTT
OtsAC20NESR_0060,COA2,PT12,AATGTC,B02,ACTGGC
OtsAC20NESR_0061,COA2,PT12,AATGTC,C02,CAAAAA
OtsAC20NESR_0062,COA2,PT12,AATGTC,D02,CGCAGA
OtsAC20NESR_0063,COA2,PT12,AATGTC,E02,GAACCA
OtsAC20NESR_0064,COA2,PT12,AATGTC,F02,GGCAAG
OtsAC20NESR_0065,COA2,PT12,AATGTC,G02,TAATTC
OtsAC20NESR_0066,COA2,PT12,AATGTC,H02,TGAACC
OtsAC20NESR_0067,COA2,PT12,AATGTC,A03,AACTGA
OtsAC20NESR_0068,COA2,PT12,AATGTC,B03,AGCCAT
OtsAC20NESR_0069,COA2,PT12,AATGTC,C03,CAATCG
OtsAC20NESR_0070,COA2,PT12,AATGTC,D03,CGCGTG
OtsAC20NESR_0071,COA2,PT12,AATGTC,E03,GACGAC
OtsAC20NESR_0072,COA2,PT12,AATGTC,F03,GGGCGC
OtsAC20NESR_0073,COA2,PT12,AATGTC,G03,TACACA
OtsAC20NESR_0074,COA2,PT12,AATGTC,H03,TGACAA
OtsAC20NESR_0075,COA2,PT12,AATGTC,A04,AAGACG
OtsAC20NESR_0076,COA2,PT12,AATGTC,B04,AGCGCA
OtsAC20NESR_0077,COA2,PT12,AATGTC,C04,CACCTC
OtsAC20NESR_0078,COA2,PT12,AATGTC,D04,CGGTCC
OtsAC20NESR_0079,COA2,PT12,AATGTC,E04,GACTCT
OtsAC20NESR_0080,COA2,PT12,AATGTC,F04,GGGGCG
OtsAC20TRAR_0001,COA2,PT12,AATGTC,G04,TACGGG
OtsAC20TRAR_0003,COA2,PT12,AATGTC,H04,TGCCCG
OtsAC20TRAR_0005,COA2,PT12,AATGTC,A05,AAGCTA
OtsAC20TRAR_0007,COA2,PT12,AATGTC,B05,AGGGTC
OtsAC20TRAR_0009,COA2,PT12,AATGTC,C05,CAGGCA
OtsAC20TRAR_0011,COA2,PT12,AATGTC,D05,CGTCTA
OtsAC20TRAR_0013,COA2,PT12,AATGTC,E05,GAGAGA
OtsAC20TRAR_0015,COA2,PT12,AATGTC,F05,GGTACA
OtsAC20TRAR_0017,COA2,PT12,AATGTC,G05,TAGTAT
OtsAC20TRAR_0019,COA2,PT12,AATGTC,H05,TGCTTA
OtsAC20TRAR_0021,COA2,PT12,AATGTC,A06,AATATC
OtsAC20TRAR_0023,COA2,PT12,AATGTC,B06,AGGTGT
OtsAC20TRAR_0025,COA2,PT12,AATGTC,C06,CATACT
OtsAC20TRAR_0027,COA2,PT12,AATGTC,D06,CGTGAT
OtsAC20TRAR_0029,COA2,PT12,AATGTC,E06,AATCGT
OtsAC20TRAR_0031,COA2,PT12,AATGTC,F06,GGTTTG
OtsAC20TRAR_0033,COA2,PT12,AATGTC,G06,TATCAC
OtsAC20TRAR_0035,COA2,PT12,AATGTC,H06,TGGGGA
OtsAC20TRAR_0037,COA2,PT12,AATGTC,A07,AATGAG
OtsAC20TRAR_0039,COA2,PT12,AATGTC,B07,AGTAGG
OtsAC20TRAR_0041,COA2,PT12,AATGTC,C07,CCATTT
OtsAC20TRAR_0043,COA2,PT12,AATGTC,D07,CTACAG
OtsAC20TRAR_0045,COA2,PT12,AATGTC,E07,GCAGAT
OtsAC20TRAR_0047,COA2,PT12,AATGTC,F07,GTAAGT
OtsAC20SILR_0001,COA2,PT12,AATGTC,G07,TCAAAG
OtsAC20SILR_0003,COA2,PT12,AATGTC,H07,TTATGA
OtsAC20SILR_0005,COA2,PT12,AATGTC,A08,ACAAGA
OtsAC20SILR_0007,COA2,PT12,AATGTC,B08,AGTTAA
OtsAC20SILR_0009,COA2,PT12,AATGTC,C08,CCCGGT
OtsAC20SILR_0011,COA2,PT12,AATGTC,D08,CTCGCC
OtsAC20SILR_0013,COA2,PT12,AATGTC,E08,GCATGG
OtsAC20SILR_0016,COA2,PT12,AATGTC,F08,GTATCC
OtsAC20SILR_0017,COA2,PT12,AATGTC,G08,TCCTGC
OtsAC20SILR_0019,COA2,PT12,AATGTC,H08,TTCCGT
OtsAC20SILR_0021,COA2,PT12,AATGTC,A09,ACAGCG
OtsAC20SILR_0023,COA2,PT12,AATGTC,B09,ATAGTA
OtsAC20SILR_0025,COA2,PT12,AATGTC,C09,CCCTAA
OtsAC20SILR_0027,COA2,PT12,AATGTC,D09,CTGCGA
OtsAC20SILR_0029,COA2,PT12,AATGTC,E09,GCCGTA
OtsAC20SILR_0031,COA2,PT12,AATGTC,F09,GTCATC
OtsAC20SILR_0033,COA2,PT12,AATGTC,G09,TCGATT
OtsAC20SILR_0035,COA2,PT12,AATGTC,H09,TTCTAG
OtsAC20SILR_0037,COA2,PT12,AATGTC,A10,ACATAC
OtsAC20SILR_0039,COA2,PT12,AATGTC,B10,ATCAAA
OtsAC20SILR_0041,COA2,PT12,AATGTC,C10,CCGAGG
OtsAC20SILR_0043,COA2,PT12,AATGTC,D10,CTGGTT
OtsAC20SILR_1001,COA2,PT12,AATGTC,E10,GCGACC
OtsAC20NESR_0051,COA2,PT12,AATGTC,F10,GTGCCT
OtsAC20NESR_0053,COA2,PT12,AATGTC,G10,TCGCCA
OtsAC20NESR_0055,COA2,PT12,AATGTC,H10,TTGAGC
OtsAC20NESR_0057,COA2,PT12,AATGTC,A11,ACCATG
OtsAC20NESR_0059,COA2,PT12,AATGTC,B11,ATGCAC
OtsAC20NESR_0061,COA2,PT12,AATGTC,C11,CCGCAT
OtsAC20NESR_0063,COA2,PT12,AATGTC,D11,CTTATG
OtsAC20NESR_0065,COA2,PT12,AATGTC,E11,GCGCTG
OtsAC20NESR_0067,COA2,PT12,AATGTC,F11,GTGTAA
OtsAC20NESR_0069,COA2,PT12,AATGTC,G11,TCGGAC
OtsAC20NESR_0071,COA2,PT12,AATGTC,H11,TTTAAT
OtsAC20NESR_0073,COA2,PT12,AATGTC,A12,ACCCCC
OtsAC20NESR_0075,COA2,PT12,AATGTC,B12,ATGTTG
OtsAC20NESR_0077,COA2,PT12,AATGTC,C12,CCTAAC
OtsAC20NESR_0079,COA2,PT12,AATGTC,D12,CTTTGC
blank,COA2,PT12,AATGTC,E12,GCTCAA
blank,COA2,PT12,AATGTC,F12,GTTGGA
negative,COA2,PT12,AATGTC,G12,TCTCGG
positive2,COA2,PT12,AATGTC,H12,TTTGTC
OtsAC20SILR_0044,COA3,PT13,AACTTA,A01,AAACGG
OtsAC20SILR_0045,COA3,PT13,AACTTA,B01,ACTCTT
OtsAC20SILR_0046,COA3,PT13,AACTTA,C01,ATTCCG
OtsAC20SILR_0047,COA3,PT13,AACTTA,D01,CGAGGC
OtsAC20SILR_0048,COA3,PT13,AACTTA,E01,GAAATG
OtsAC20SILR_0049,COA3,PT13,AACTTA,F01,GGACTT
OtsAC20SILR_0050,COA3,PT13,AACTTA,G01,TAAGCT
OtsAC20SILR_0051,COA3,PT13,AACTTA,H01,TCTTCT
OtsAC20SILR_0052,COA3,PT13,AACTTA,A02,AACGTT
OtsAC20SILR_0053,COA3,PT13,AACTTA,B02,ACTGGC
OtsAC20SILR_0054,COA3,PT13,AACTTA,C02,CAAAAA
OtsAC20SILR_0055,COA3,PT13,AACTTA,D02,CGCAGA
OtsAC20SILR_0056,COA3,PT13,AACTTA,E02,GAACCA
OtsAC20SILR_0057,COA3,PT13,AACTTA,F02,GGCAAG
OtsAC20SILR_0058,COA3,PT13,AACTTA,G02,TAATTC
OtsAC20SILR_0059,COA3,PT13,AACTTA,H02,TGAACC
OtsAC20SILR_0060,COA3,PT13,AACTTA,A03,AACTGA
OtsAC20SILR_0061,COA3,PT13,AACTTA,B03,AGCCAT
OtsAC20SILR_0062,COA3,PT13,AACTTA,C03,CAATCG
OtsAC20SILR_0063,COA3,PT13,AACTTA,D03,CGCGTG
OtsAC20SILR_0064,COA3,PT13,AACTTA,E03,GACGAC
OtsAC20SILR_0065,COA3,PT13,AACTTA,F03,GGGCGC
OtsAC20SILR_0066,COA3,PT13,AACTTA,G03,TACACA
OtsAC20SILR_0067,COA3,PT13,AACTTA,H03,TGACAA
OtsAC20SILR_0068,COA3,PT13,AACTTA,A04,AAGACG
OtsAC20SILR_0069,COA3,PT13,AACTTA,B04,AGCGCA
OtsAC20SILR_0070,COA3,PT13,AACTTA,C04,CACCTC
OtsAC20SILR_0071,COA3,PT13,AACTTA,D04,CGGTCC
OtsAC20SILR_0072,COA3,PT13,AACTTA,E04,GACTCT
OtsAC20SILR_0073,COA3,PT13,AACTTA,F04,GGGGCG
OtsAC20SILR_0074,COA3,PT13,AACTTA,G04,TACGGG
OtsAC20SILR_0075,COA3,PT13,AACTTA,H04,TGCCCG
OtsAC20SILR_0076,COA3,PT13,AACTTA,A05,AAGCTA
OtsAC20SILR_0077,COA3,PT13,AACTTA,B05,AGGGTC
OtsAC20SILR_0078,COA3,PT13,AACTTA,C05,CAGGCA
OtsAC20SILR_0079,COA3,PT13,AACTTA,D05,CGTCTA
OtsAC20SILR_0080,COA3,PT13,AACTTA,E05,GAGAGA
OtsAC20SILR_0081,COA3,PT13,AACTTA,F05,GGTACA
OtsAC20SILR_0082,COA3,PT13,AACTTA,G05,TAGTAT
OtsAC20SILR_0083,COA3,PT13,AACTTA,H05,TGCTTA
OtsAC20SILR_0084,COA3,PT13,AACTTA,A06,AATATC
OtsAC20SILR_0085,COA3,PT13,AACTTA,B06,AGGTGT
OtsAC20SILR_0086,COA3,PT13,AACTTA,C06,CATACT
OtsAC20SILR_0087,COA3,PT13,AACTTA,D06,CGTGAT
OtsAC20SILR_0088,COA3,PT13,AACTTA,E06,AATCGT
OtsAC20SILR_0089,COA3,PT13,AACTTA,F06,GGTTTG
OtsAC20SILR_0090,COA3,PT13,AACTTA,G06,TATCAC
OtsAC20SILR_0091,COA3,PT13,AACTTA,H06,TGGGGA
OtsAC20SILR_0092,COA3,PT13,AACTTA,A07,AATGAG
OtsAC20SILR_0093,COA3,PT13,AACTTA,B07,AGTAGG
OtsAC20SILR_0094,COA3,PT13,AACTTA,C07,CCATTT
OtsAC20SILR_0095,COA3,PT13,AACTTA,D07,CTACAG
OtsAC20SILR_0096,COA3,PT13,AACTTA,E07,GCAGAT
OtsAC20SILR_0097,COA3,PT13,AACTTA,F07,GTAAGT
OtsAC20SILR_0098,COA3,PT13,AACTTA,G07,TCAAAG
OtsAC20SILR_0099,COA3,PT13,AACTTA,H07,TTATGA
OtsAC20SILR_0100,COA3,PT13,AACTTA,A08,ACAAGA
OtsAC20SILR_0101,COA3,PT13,AACTTA,B08,AGTTAA
OtsAC20SILR_0102,COA3,PT13,AACTTA,C08,CCCGGT
OtsAC20SILR_0103,COA3,PT13,AACTTA,D08,CTCGCC
OtsAC20SILR_0104,COA3,PT13,AACTTA,E08,GCATGG
OtsAC20SILR_0105,COA3,PT13,AACTTA,F08,GTATCC
OtsAC20SILR_0106,COA3,PT13,AACTTA,G08,TCCTGC
OtsAC20SILR_0107,COA3,PT13,AACTTA,H08,TTCCGT
OtsAC20SILR_0108,COA3,PT13,AACTTA,A09,ACAGCG
OtsAC20SILR_0109,COA3,PT13,AACTTA,B09,ATAGTA
OtsAC20SILR_0110,COA3,PT13,AACTTA,C09,CCCTAA
OtsAC20SILR_0111,COA3,PT13,AACTTA,D09,CTGCGA
OtsAC20SILR_0112,COA3,PT13,AACTTA,E09,GCCGTA
OtsAC20SILR_0113,COA3,PT13,AACTTA,F09,GTCATC
OtsAC20SILR_0114,COA3,PT13,AACTTA,G09,TCGATT
OtsAC20SILR_0115,COA3,PT13,AACTTA,H09,TTCTAG
OtsAC20SILR_0116,COA3,PT13,AACTTA,A10,ACATAC
OtsAC20SILR_0117,COA3,PT13,AACTTA,B10,ATCAAA
OtsAC20SILR_0118,COA3,PT13,AACTTA,C10,CCGAGG
OtsAC20SILR_0119,COA3,PT13,AACTTA,D10,CTGGTT
OtsAC20SILR_0120,COA3,PT13,AACTTA,E10,GCGACC
OtsAC20SILR_0121,COA3,PT13,AACTTA,F10,GTGCCT
OtsAC20SILR_0122,COA3,PT13,AACTTA,G10,TCGCCA
OtsAC20SILR_0123,COA3,PT13,AACTTA,H10,TTGAGC
OtsAC20SILR_0124,COA3,PT13,AACTTA,A11,ACCATG
OtsAC20SILR_0125,COA3,PT13,AACTTA,B11,ATGCAC
OtsAC20SILR_0126,COA3,PT13,AACTTA,C11,CCGCAT
OtsAC20SILR_0127,COA3,PT13,AACTTA,D11,CTTATG
OtsAC20SILR_0128,COA3,PT13,AACTTA,E11,GCGCTG
OtsAC20SILR_0129,COA3,PT13,AACTTA,F11,GTGTAA
OtsAC20SILR_0130,COA3,PT13,AACTTA,G11,TCGGAC
OtsAC20SILR_0131,COA3,PT13,AACTTA,H11,TTTAAT
OtsAC20SILR_0132,COA3,PT13,AACTTA,A12,ACCCCC
OtsAC20SILR_0133,COA3,PT13,AACTTA,B12,ATGTTG
OtsAC20SILR_0134,COA3,PT13,AACTTA,C12,CCTAAC
OtsAC20SILR_0135,COA3,PT13,AACTTA,D12,CTTTGC
OtsAC20SILR_0136,COA3,PT13,AACTTA,E12,GCTCAA
OtsAC20SILR_0137,COA3,PT13,AACTTA,F12,GTTGGA
negative,COA3,PT13,AACTTA,G12,TCTCGG
positive8,COA3,PT13,AACTTA,H12,TTTGTC
OtsAC20SILR_0138,COA4,PT14,ACCGGA,A01,AAACGG
OtsAC20SILR_0139,COA4,PT14,ACCGGA,B01,ACTCTT
OtsAC20SILR_0140,COA4,PT14,ACCGGA,C01,ATTCCG
OtsAC20SILR_0141,COA4,PT14,ACCGGA,D01,CGAGGC
OtsAC20SILR_0142,COA4,PT14,ACCGGA,E01,GAAATG
OtsAC20SILR_0143,COA4,PT14,ACCGGA,F01,GGACTT
OtsAC20SILR_0144,COA4,PT14,ACCGGA,G01,TAAGCT
OtsAC20SILR_0145,COA4,PT14,ACCGGA,H01,TCTTCT
OtsAC20SILR_0146,COA4,PT14,ACCGGA,A02,AACGTT
OtsAC20SILR_0147,COA4,PT14,ACCGGA,B02,ACTGGC
OtsAC20SILR_0148,COA4,PT14,ACCGGA,C02,CAAAAA
OtsAC20SILR_0149,COA4,PT14,ACCGGA,D02,CGCAGA
OtsAC20SILR_0150,COA4,PT14,ACCGGA,E02,GAACCA
OtsAC20SILR_0151,COA4,PT14,ACCGGA,F02,GGCAAG
OtsAC20SILR_0152,COA4,PT14,ACCGGA,G02,TAATTC
OtsAC20SILR_0153,COA4,PT14,ACCGGA,H02,TGAACC
OtsAC20SILR_0154,COA4,PT14,ACCGGA,A03,AACTGA
OtsAC20SILR_0155,COA4,PT14,ACCGGA,B03,AGCCAT
OtsAC20SILR_0156,COA4,PT14,ACCGGA,C03,CAATCG
OtsAC20SILR_0157,COA4,PT14,ACCGGA,D03,CGCGTG
OtsAC20SILR_0158,COA4,PT14,ACCGGA,E03,GACGAC
OtsAC20SILR_0159,COA4,PT14,ACCGGA,F03,GGGCGC
OtsAC20SILR_0160,COA4,PT14,ACCGGA,G03,TACACA
OtsAC20SILR_0161,COA4,PT14,ACCGGA,H03,TGACAA
OtsAC20SILR_0162,COA4,PT14,ACCGGA,A04,AAGACG
OtsAC20SILR_0163,COA4,PT14,ACCGGA,B04,AGCGCA
OtsAC20SILR_0164,COA4,PT14,ACCGGA,C04,CACCTC
OtsAC20SILR_0165,COA4,PT14,ACCGGA,D04,CGGTCC
OtsAC20SILR_0166,COA4,PT14,ACCGGA,E04,GACTCT
OtsAC20SILR_0167,COA4,PT14,ACCGGA,F04,GGGGCG
OtsAC20SILR_0168,COA4,PT14,ACCGGA,G04,TACGGG
OtsAC20SILR_0169,COA4,PT14,ACCGGA,H04,TGCCCG
OtsAC20SILR_0170,COA4,PT14,ACCGGA,A05,AAGCTA
OtsAC20SILR_0171,COA4,PT14,ACCGGA,B05,AGGGTC
OtsAC20SILR_0172,COA4,PT14,ACCGGA,C05,CAGGCA
OtsAC20SILR_0173,COA4,PT14,ACCGGA,D05,CGTCTA
OtsAC20SILR_0174,COA4,PT14,ACCGGA,E05,GAGAGA
OtsAC20SILR_0175,COA4,PT14,ACCGGA,F05,GGTACA
OtsAC20SILR_0176,COA4,PT14,ACCGGA,G05,TAGTAT
OtsAC20SILR_0177,COA4,PT14,ACCGGA,H05,TGCTTA
OtsAC20SILR_0178,COA4,PT14,ACCGGA,A06,AATATC
OtsAC20SILR_0179,COA4,PT14,ACCGGA,B06,AGGTGT
OtsAC20SILR_0180,COA4,PT14,ACCGGA,C06,CATACT
OtsAC20SILR_0181,COA4,PT14,ACCGGA,D06,CGTGAT
OtsAC20SILR_0182,COA4,PT14,ACCGGA,E06,AATCGT
OtsAC20SILR_0183,COA4,PT14,ACCGGA,F06,GGTTTG
OtsAC20SILR_0184,COA4,PT14,ACCGGA,G06,TATCAC
OtsAC20SILR_0185,COA4,PT14,ACCGGA,H06,TGGGGA
OtsAC20SILR_0186,COA4,PT14,ACCGGA,A07,AATGAG
OtsAC20SILR_0187,COA4,PT14,ACCGGA,B07,AGTAGG
OtsAC20SILR_0188,COA4,PT14,ACCGGA,C07,CCATTT
OtsAC20SILR_0189,COA4,PT14,ACCGGA,D07,CTACAG
OtsAC20SILR_0190,COA4,PT14,ACCGGA,E07,GCAGAT
OtsAC20SILR_0191,COA4,PT14,ACCGGA,F07,GTAAGT
OtsAC20SILR_0192,COA4,PT14,ACCGGA,G07,TCAAAG
OtsAC20SILR_0193,COA4,PT14,ACCGGA,H07,TTATGA
OtsAC20SILR_0194,COA4,PT14,ACCGGA,A08,ACAAGA
OtsAC20SILR_0195,COA4,PT14,ACCGGA,B08,AGTTAA
OtsAC20SILR_0196,COA4,PT14,ACCGGA,C08,CCCGGT
OtsAC20SILR_0197,COA4,PT14,ACCGGA,D08,CTCGCC
OtsAC20SILR_0198,COA4,PT14,ACCGGA,E08,GCATGG
OtsAC20SILR_0199,COA4,PT14,ACCGGA,F08,GTATCC
OtsAC20SILR_0200,COA4,PT14,ACCGGA,G08,TCCTGC
OtsAC20SILR_0201,COA4,PT14,ACCGGA,H08,TTCCGT
OtsAC20SILR_0202,COA4,PT14,ACCGGA,A09,ACAGCG
OtsAC20SILR_0203,COA4,PT14,ACCGGA,B09,ATAGTA
OtsAC20SILR_0204,COA4,PT14,ACCGGA,C09,CCCTAA
OtsAC20SILR_0205,COA4,PT14,ACCGGA,D09,CTGCGA
OtsAC20SILR_0206,COA4,PT14,ACCGGA,E09,GCCGTA
OtsAC20SILR_0207,COA4,PT14,ACCGGA,F09,GTCATC
OtsAC20SILR_0208,COA4,PT14,ACCGGA,G09,TCGATT
OtsAC20SILR_0209,COA4,PT14,ACCGGA,H09,TTCTAG
OtsAC20SILR_0210,COA4,PT14,ACCGGA,A10,ACATAC
OtsAC20SILR_0211,COA4,PT14,ACCGGA,B10,ATCAAA
OtsAC20SILR_0212,COA4,PT14,ACCGGA,C10,CCGAGG
OtsAC20SILR_0213,COA4,PT14,ACCGGA,D10,CTGGTT
OtsAC20SILR_0214,COA4,PT14,ACCGGA,E10,GCGACC
OtsAC20SILR_0215,COA4,PT14,ACCGGA,F10,GTGCCT
OtsAC20SILR_0216,COA4,PT14,ACCGGA,G10,TCGCCA
OtsAC20SILR_0217,COA4,PT14,ACCGGA,H10,TTGAGC
OtsAC20SILR_0218,COA4,PT14,ACCGGA,A11,ACCATG
OtsAC20SILR_0219,COA4,PT14,ACCGGA,B11,ATGCAC
OtsAC20SILR_0220,COA4,PT14,ACCGGA,C11,CCGCAT
OtsAC20SILR_0221,COA4,PT14,ACCGGA,D11,CTTATG
OtsAC20SILR_0222,COA4,PT14,ACCGGA,E11,GCGCTG
OtsAC20SILR_0223,COA4,PT14,ACCGGA,F11,GTGTAA
OtsAC20SILR_0224,COA4,PT14,ACCGGA,G11,TCGGAC
OtsAC20SILR_0225,COA4,PT14,ACCGGA,H11,TTTAAT
OtsAC20SILR_0226,COA4,PT14,ACCGGA,A12,ACCCCC
OtsAC20SILR_0227,COA4,PT14,ACCGGA,B12,ATGTTG
OtsAC20SILR_0228,COA4,PT14,ACCGGA,C12,CCTAAC
OtsAC20SILR_0229,COA4,PT14,ACCGGA,D12,CTTTGC
OtsAC20SILR_0230,COA4,PT14,ACCGGA,E12,GCTCAA
OtsAC20SILR_0231,COA4,PT14,ACCGGA,F12,GTTGGA
negative,COA4,PT14,ACCGGA,G12,TCTCGG
positive11,COA4,PT14,ACCGGA,H12,TTTGTC
OtsAC20SILR_0232,COA5,PT15,CTTTGC,A01,AAACGG
OtsAC20SILR_0233,COA5,PT15,CTTTGC,B01,ACTCTT
OtsAC20SILR_0234,COA5,PT15,CTTTGC,C01,ATTCCG
OtsAC20SILR_0235,COA5,PT15,CTTTGC,D01,CGAGGC
OtsAC20SILR_0236,COA5,PT15,CTTTGC,E01,GAAATG
OtsAC20SILR_0237,COA5,PT15,CTTTGC,F01,GGACTT
OtsAC20SILR_0238,COA5,PT15,CTTTGC,G01,TAAGCT
OtsAC20SILR_0239,COA5,PT15,CTTTGC,H01,TCTTCT
OtsAC20SILR_0240,COA5,PT15,CTTTGC,A02,AACGTT
OtsAC20SILR_0241,COA5,PT15,CTTTGC,B02,ACTGGC
OtsAC20SILR_0242,COA5,PT15,CTTTGC,C02,CAAAAA
OtsAC20SILR_0243,COA5,PT15,CTTTGC,D02,CGCAGA
OtsAC20SILR_0244,COA5,PT15,CTTTGC,E02,GAACCA
OtsAC20SILR_0245,COA5,PT15,CTTTGC,F02,GGCAAG
OtsAC20SILR_0246,COA5,PT15,CTTTGC,G02,TAATTC
OtsAC20SILR_0247,COA5,PT15,CTTTGC,H02,TGAACC
OtsAC20SILR_0248,COA5,PT15,CTTTGC,A03,AACTGA
OtsAC20SILR_0249,COA5,PT15,CTTTGC,B03,AGCCAT
OtsAC20SILR_0250,COA5,PT15,CTTTGC,C03,CAATCG
OtsAC20SILR_0251,COA5,PT15,CTTTGC,D03,CGCGTG
OtsAC20SILR_0252,COA5,PT15,CTTTGC,E03,GACGAC
OtsAC20SILR_0253,COA5,PT15,CTTTGC,F03,GGGCGC
OtsAC20SILR_0254,COA5,PT15,CTTTGC,G03,TACACA
OtsAC20SILR_0255,COA5,PT15,CTTTGC,H03,TGACAA
OtsAC20SILR_0256,COA5,PT15,CTTTGC,A04,AAGACG
OtsAC20SILR_0257,COA5,PT15,CTTTGC,B04,AGCGCA
OtsAC20SILR_0258,COA5,PT15,CTTTGC,C04,CACCTC
OtsAC20SILR_0259,COA5,PT15,CTTTGC,D04,CGGTCC
OtsAC20SILR_0260,COA5,PT15,CTTTGC,E04,GACTCT
OtsAC20SILR_0261,COA5,PT15,CTTTGC,F04,GGGGCG
OtsAC20SILR_0262,COA5,PT15,CTTTGC,G04,TACGGG
OtsAC20SILR_0263,COA5,PT15,CTTTGC,H04,TGCCCG
OtsAC20SILR_0264,COA5,PT15,CTTTGC,A05,AAGCTA
OtsAC20SILR_0265,COA5,PT15,CTTTGC,B05,AGGGTC
OtsAC20SILR_0266,COA5,PT15,CTTTGC,C05,CAGGCA
OtsAC20SILR_0267,COA5,PT15,CTTTGC,D05,CGTCTA
OtsAC20SILR_0268,COA5,PT15,CTTTGC,E05,GAGAGA
OtsAC20SILR_0269,COA5,PT15,CTTTGC,F05,GGTACA
OtsAC20SILR_0270,COA5,PT15,CTTTGC,G05,TAGTAT
OtsAC20SILR_0271,COA5,PT15,CTTTGC,H05,TGCTTA
OtsAC20SILR_0272,COA5,PT15,CTTTGC,A06,AATATC
OtsAC20SILR_0273,COA5,PT15,CTTTGC,B06,AGGTGT
OtsAC20SILR_0274,COA5,PT15,CTTTGC,C06,CATACT
OtsAC20SILR_0275,COA5,PT15,CTTTGC,D06,CGTGAT
OtsAC20SILR_0276,COA5,PT15,CTTTGC,E06,AATCGT
OtsAC20SILR_0277,COA5,PT15,CTTTGC,F06,GGTTTG
OtsAC20SILR_0278,COA5,PT15,CTTTGC,G06,TATCAC
OtsAC20SILR_0279,COA5,PT15,CTTTGC,H06,TGGGGA
OtsAC20SILR_0280,COA5,PT15,CTTTGC,A07,AATGAG
OtsAC20SILR_0281,COA5,PT15,CTTTGC,B07,AGTAGG
OtsAC20SILR_0282,COA5,PT15,CTTTGC,C07,CCATTT
OtsAC20SILR_0283,COA5,PT15,CTTTGC,D07,CTACAG
OtsAC20SILR_0284,COA5,PT15,CTTTGC,E07,GCAGAT
OtsAC20SILR_0285,COA5,PT15,CTTTGC,F07,GTAAGT
OtsAC20SILR_0286,COA5,PT15,CTTTGC,G07,TCAAAG
OtsAC20SILR_0287,COA5,PT15,CTTTGC,H07,TTATGA
OtsAC20SILR_0288,COA5,PT15,CTTTGC,A08,ACAAGA
OtsAC20SILR_0289,COA5,PT15,CTTTGC,B08,AGTTAA
OtsAC20SILR_0290,COA5,PT15,CTTTGC,C08,CCCGGT
OtsAC20SILR_0291,COA5,PT15,CTTTGC,D08,CTCGCC
OtsAC20SILR_0292,COA5,PT15,CTTTGC,E08,GCATGG
OtsAC20SILR_0293,COA5,PT15,CTTTGC,F08,GTATCC
OtsAC20SILR_0294,COA5,PT15,CTTTGC,G08,TCCTGC
OtsAC20SILR_0295,COA5,PT15,CTTTGC,H08,TTCCGT
OtsAC20SILR_0296,COA5,PT15,CTTTGC,A09,ACAGCG
OtsAC20SILR_0297,COA5,PT15,CTTTGC,B09,ATAGTA
OtsAC20SILR_0298,COA5,PT15,CTTTGC,C09,CCCTAA
OtsAC20SILR_0299,COA5,PT15,CTTTGC,D09,CTGCGA
OtsAC20SILR_0300,COA5,PT15,CTTTGC,E09,GCCGTA
OtsAC20SILR_0050,COA5,PT15,CTTTGC,F09,GTCATC
OtsAC20SILR_0060,COA5,PT15,CTTTGC,G09,TCGATT
OtsAC20SILR_0070,COA5,PT15,CTTTGC,H09,TTCTAG
OtsAC20SILR_0080,COA5,PT15,CTTTGC,A10,ACATAC
OtsAC20SILR_0090,COA5,PT15,CTTTGC,B10,ATCAAA
OtsAC20SILR_0100,COA5,PT15,CTTTGC,C10,CCGAGG
OtsAC20SILR_0110,COA5,PT15,CTTTGC,D10,CTGGTT
OtsAC20SILR_0120,COA5,PT15,CTTTGC,E10,GCGACC
OtsAC20SILR_0130,COA5,PT15,CTTTGC,F10,GTGCCT
OtsAC20SILR_0140,COA5,PT15,CTTTGC,G10,TCGCCA
OtsAC20SILR_0150,COA5,PT15,CTTTGC,H10,TTGAGC
OtsAC20SILR_0160,COA5,PT15,CTTTGC,A11,ACCATG
OtsAC20SILR_0170,COA5,PT15,CTTTGC,B11,ATGCAC
OtsAC20SILR_0180,COA5,PT15,CTTTGC,C11,CCGCAT
OtsAC20SILR_0190,COA5,PT15,CTTTGC,D11,CTTATG
OtsAC20SILR_0200,COA5,PT15,CTTTGC,E11,GCGCTG
OtsAC20SILR_0210,COA5,PT15,CTTTGC,F11,GTGTAA
OtsAC20SILR_0220,COA5,PT15,CTTTGC,G11,TCGGAC
OtsAC20SILR_0230,COA5,PT15,CTTTGC,H11,TTTAAT
OtsAC20SILR_0240,COA5,PT15,CTTTGC,A12,ACCCCC
OtsAC20SILR_0250,COA5,PT15,CTTTGC,B12,ATGTTG
OtsAC20SILR_0260,COA5,PT15,CTTTGC,C12,CCTAAC
OtsAC20SILR_0270,COA5,PT15,CTTTGC,D12,CTTTGC
OtsAC20SILR_0280,COA5,PT15,CTTTGC,E12,GCTCAA
OtsAC20SILR_0290,COA5,PT15,CTTTGC,F12,GTTGGA
negative,COA5,PT15,CTTTGC,G12,TCTCGG
positive12,COA5,PT15,CTTTGC,H12,TTTGTC
OkeCC19MILC_0001,OKE1,PT16,GGATTG,A01,AAACGG
OkeCC19MILC_0004,OKE1,PT16,GGATTG,B01,ACTCTT
OkeCC19MILC_0007,OKE1,PT16,GGATTG,C01,ATTCCG
OkeCC19MILC_0010,OKE1,PT16,GGATTG,D01,CGAGGC
OkeCC19MILC_0013,OKE1,PT16,GGATTG,E01,GAAATG
OkeCC19MILC_0016,OKE1,PT16,GGATTG,F01,GGACTT
OkeCC19MILC_0019,OKE1,PT16,GGATTG,G01,TAAGCT
OkeCC19MILC_0022,OKE1,PT16,GGATTG,H01,TCTTCT
OkeCC19MILC_0025,OKE1,PT16,GGATTG,A02,AACGTT
OkeCC19MILC_0028,OKE1,PT16,GGATTG,B02,ACTGGC
OkeCC19MILC_0031,OKE1,PT16,GGATTG,C02,CAAAAA
OkeCC19MILC_0034,OKE1,PT16,GGATTG,D02,CGCAGA
OkeCC19MILC_0037,OKE1,PT16,GGATTG,E02,GAACCA
OkeCC19MILC_0040,OKE1,PT16,GGATTG,F02,GGCAAG
OkeCC19MILC_0043,OKE1,PT16,GGATTG,G02,TAATTC
OkeCC19MILC_0046,OKE1,PT16,GGATTG,H02,TGAACC
OkeCC19MILC_0049,OKE1,PT16,GGATTG,A03,AACTGA
OkeCC19MILC_0053,OKE1,PT16,GGATTG,B03,AGCCAT
OkeCC19MILC_0056,OKE1,PT16,GGATTG,C03,CAATCG
OkeCC19MILC_0059,OKE1,PT16,GGATTG,D03,CGCGTG
OkeCC19MILC_0065,OKE1,PT16,GGATTG,E03,GACGAC
OkeCC19YAQR_0066,OKE1,PT16,GGATTG,F03,GGGCGC
OkeCC19YAQR_0067,OKE1,PT16,GGATTG,G03,TACACA
OkeCC19YAQR_0068,OKE1,PT16,GGATTG,H03,TGACAA
OkeCC19YAQR_0069,OKE1,PT16,GGATTG,A04,AAGACG
OkeCC19YAQR_0070,OKE1,PT16,GGATTG,B04,AGCGCA
OkeCC19YAQR_0071,OKE1,PT16,GGATTG,C04,CACCTC
OkeCC19YAQR_0072,OKE1,PT16,GGATTG,D04,CGGTCC
OkeCC19YAQR_0073,OKE1,PT16,GGATTG,E04,GACTCT
OkeCC19YAQR_0074,OKE1,PT16,GGATTG,F04,GGGGCG
OkeCC19YAQR_0075,OKE1,PT16,GGATTG,G04,TACGGG
OkeCC19NEHR_0001,OKE1,PT16,GGATTG,H04,TGCCCG
OkeCC19NEHR_0002,OKE1,PT16,GGATTG,A05,AAGCTA
OkeCC19NEHR_0004,OKE1,PT16,GGATTG,B05,AGGGTC
OkeCC19NEHR_0005,OKE1,PT16,GGATTG,C05,CAGGCA
OkeCC19NEHR_0007,OKE1,PT16,GGATTG,D05,CGTCTA
OkeCC19NEHR_0008,OKE1,PT16,GGATTG,E05,GAGAGA
OkeCC19NEHR_0010,OKE1,PT16,GGATTG,F05,GGTACA
OkeCC19NEHR_0011,OKE1,PT16,GGATTG,G05,TAGTAT
OkeCC19NEHR_0013,OKE1,PT16,GGATTG,H05,TGCTTA
OkeCC19NEHR_0014,OKE1,PT16,GGATTG,A06,AATATC
OkeCC19NEHR_0016,OKE1,PT16,GGATTG,B06,AGGTGT
OkeCC19NEHR_0017,OKE1,PT16,GGATTG,C06,CATACT
OkeCC19NEHR_0019,OKE1,PT16,GGATTG,D06,CGTGAT
OkeCC19NEHR_0020,OKE1,PT16,GGATTG,E06,AATCGT
OkeCC19NEHR_0022,OKE1,PT16,GGATTG,F06,GGTTTG
OkeCC19NEHR_0023,OKE1,PT16,GGATTG,G06,TATCAC
OkeCC19NEHR_0025,OKE1,PT16,GGATTG,H06,TGGGGA
OkeCC19NEHR_0026,OKE1,PT16,GGATTG,A07,AATGAG
OkeCC19NEHR_0028,OKE1,PT16,GGATTG,B07,AGTAGG
OkeCC19NEHR_0029,OKE1,PT16,GGATTG,C07,CCATTT
OkeCC19NEHR_0031,OKE1,PT16,GGATTG,D07,CTACAG
OkeCC19NEHR_0032,OKE1,PT16,GGATTG,E07,GCAGAT
OkeCC19NEHR_0034,OKE1,PT16,GGATTG,F07,GTAAGT
OkeCC19NEHR_0037,OKE1,PT16,GGATTG,G07,TCAAAG
OkeCC19NEHR_0040,OKE1,PT16,GGATTG,H07,TTATGA
OkeCC19NEHR_0041,OKE1,PT16,GGATTG,A08,ACAAGA
OkeCC19NEHR_0043,OKE1,PT16,GGATTG,B08,AGTTAA
OkeCC19NEHR_0044,OKE1,PT16,GGATTG,C08,CCCGGT
OkeCC19NEHR_0046,OKE1,PT16,GGATTG,D08,CTCGCC
OkeCC19NEHR_0047,OKE1,PT16,GGATTG,E08,GCATGG
OkeCC19NEHR_0049,OKE1,PT16,GGATTG,F08,GTATCC
OkeCC19NEHR_0050,OKE1,PT16,GGATTG,G08,TCCTGC
OkeCC19TILR_0001,OKE1,PT16,GGATTG,H08,TTCCGT
OkeCC19TILR_0004,OKE1,PT16,GGATTG,A09,ACAGCG
OkeCC19TILR_0007,OKE1,PT16,GGATTG,B09,ATAGTA
OkeCC19TILR_0010,OKE1,PT16,GGATTG,C09,CCCTAA
OkeCC19TILR_0013,OKE1,PT16,GGATTG,D09,CTGCGA
OkeCC19TILR_0016,OKE1,PT16,GGATTG,E09,GCCGTA
OkeCC19TILR_0019,OKE1,PT16,GGATTG,F09,GTCATC
OkeCC19TILR_0022,OKE1,PT16,GGATTG,G09,TCGATT
OkeCC19TILR_0025,OKE1,PT16,GGATTG,H09,TTCTAG
OkeCC19TILR_0028,OKE1,PT16,GGATTG,A10,ACATAC
OkeCC19TILR_0031,OKE1,PT16,GGATTG,B10,ATCAAA
OkeCC19TILR_0034,OKE1,PT16,GGATTG,C10,CCGAGG
OkeCC19TILR_0037,OKE1,PT16,GGATTG,D10,CTGGTT
OkeCC19TILR_0040,OKE1,PT16,GGATTG,E10,GCGACC
OkeCC19TILR_0043,OKE1,PT16,GGATTG,F10,GTGCCT
OkeCC19TILR_0046,OKE1,PT16,GGATTG,G10,TCGCCA
OkeCC19TILR_0049,OKE1,PT16,GGATTG,H10,TTGAGC
OkeCC19TILR_0102,OKE1,PT16,GGATTG,A11,ACCATG
OkeCC19TILR_0105,OKE1,PT16,GGATTG,B11,ATGCAC
OkeCC19TILR_0108,OKE1,PT16,GGATTG,C11,CCGCAT
OkeCC19TILR_0111,OKE1,PT16,GGATTG,D11,CTTATG
OkeCC19TILR_0114,OKE1,PT16,GGATTG,E11,GCGCTG
OkeCC19TILR_0117,OKE1,PT16,GGATTG,F11,GTGTAA
OkeCC19TILR_0120,OKE1,PT16,GGATTG,G11,TCGGAC
OkeCC19TILR_0123,OKE1,PT16,GGATTG,H11,TTTAAT
OkeCC19TILR_0126,OKE1,PT16,GGATTG,A12,ACCCCC
OkeCC19TILR_0129,OKE1,PT16,GGATTG,B12,ATGTTG
OkeCC19TILR_0132,OKE1,PT16,GGATTG,C12,CCTAAC
OkeCC19TILR_0135,OKE1,PT16,GGATTG,D12,CTTTGC
OkeCC19TILR_0138,OKE1,PT16,GGATTG,E12,GCTCAA
OkeCC19TILR_0141,OKE1,PT16,GGATTG,F12,GTTGGA
OkeCC19TILR_0147,OKE1,PT16,GGATTG,G12,TCTCGG
negative,OKE1,PT16,GGATTG,H12,TTTGTC
